id,web_name,team_name,team_short_name,element_type,now_cost,form,points_per_game,total_points,selected_by_percent,minutes,goals_scored,assists,clean_sheets,bonus,status
606,Mavropanos,West Ham,WHU,2,4.4,12.0,3.9,98,0.4,1992,3,0,4,5,a
508,N.Williams,Nott'm Forest,NFO,2,4.7,10.3,3.7,115,3.4,2708,2,3,8,15,a
260,Guéhi,Man City,MCI,2,5.1,8.5,5.2,150,33.4,2610,3,4,11,12,a
311,Beto,Everton,EVE,4,5.0,8.3,2.6,83,2.9,1269,7,1,5,10,a
411,O'Reilly,Man City,MCI,2,5.0,8.0,4.8,139,13.2,2193,5,3,12,8,d
485,Gordon,Newcastle,NEW,3,7.4,8.0,3.9,101,7.5,1798,6,4,8,10,a
173,Wieffer,Brighton,BHA,3,4.9,8.0,4.0,89,0.3,1659,2,4,6,6,a
449,B.Fernandes,Man Utd,MUN,3,10.3,7.7,6.8,189,45.4,2435,8,17,4,36,a
136,Thiago,Brentford,BRE,4,7.3,7.7,5.2,166,34.2,2742,21,1,8,22,a
723,Canvot,Crystal Palace,CRY,2,4.5,7.5,3.7,52,0.2,791,0,0,4,7,a
624,Bowen,West Ham,WHU,4,7.6,7.3,4.9,157,10.1,2869,8,10,6,23,a
5,Gabriel,Arsenal,ARS,2,7.2,6.5,6.8,177,42.7,2255,3,5,14,25,a
257,Lacroix,Crystal Palace,CRY,2,5.1,6.5,4.6,132,4.9,2575,1,2,10,8,a
283,Mateta,Crystal Palace,CRY,4,7.5,6.5,3.9,97,6.5,1959,10,0,8,12,a
387,Szoboszlai,Liverpool,LIV,3,7.1,6.3,4.3,128,13.4,2692,5,3,9,17,a
74,Truffert,Bournemouth,BOU,2,4.7,6.3,3.9,126,4.0,2838,0,4,9,12,a
90,Scott,Bournemouth,BOU,3,5.0,6.3,3.8,120,1.8,2398,3,2,9,9,a
139,Verbruggen,Brighton,BHA,1,4.5,6.3,3.4,110,8.6,2880,0,0,8,6,a
151,Van Hecke,Brighton,BHA,2,4.5,6.0,4.2,125,9.6,2670,3,2,8,8,a
258,Mitchell,Crystal Palace,CRY,2,5.0,6.0,3.9,120,2.2,2758,1,2,11,8,a
261,Richards,Crystal Palace,CRY,2,4.4,6.0,4.3,116,2.4,2422,1,0,10,5,a
6,Saliba,Arsenal,ARS,2,6.1,6.0,4.2,108,13.8,2164,1,0,11,9,a
666,Gyökeres,Arsenal,ARS,4,8.8,6.0,3.5,106,11.8,1978,12,0,10,13,a
110,Kayode,Brentford,BRE,2,4.6,6.0,3.1,96,1.1,2718,1,2,8,7,a
416,Bernardo,Man City,MCI,3,6.2,6.0,2.7,84,0.7,2322,2,4,10,4,a
344,Bijol,Leeds,LEE,2,3.9,6.0,3.7,66,0.6,1306,1,2,3,5,d
507,Aina,Nott'm Forest,NFO,2,4.7,6.0,3.5,56,2.4,1407,0,1,5,5,a
505,Milenković,Nott'm Forest,NFO,2,5.1,5.7,3.1,98,3.2,2880,0,0,8,2,a
302,Gana,Everton,EVE,3,5.4,5.7,3.4,79,0.1,1919,2,3,5,4,a
335,King,Fulham,FUL,3,4.4,5.7,2.2,58,1.8,1172,1,3,5,3,a
55,Barkley,Aston Villa,AVL,3,4.8,5.7,2.5,37,0.1,466,2,1,1,3,a
417,Cherki,Man City,MCI,3,6.3,5.5,4.2,110,7.5,1372,3,11,7,13,a
178,Welbeck,Brighton,BHA,4,6.2,5.3,3.5,108,8.1,1891,12,0,8,17,a
148,F.Kadıoğlu,Brighton,BHA,2,4.4,5.3,3.0,92,0.6,2590,0,2,8,4,a
502,Sels,Nott'm Forest,NFO,1,4.6,5.3,3.2,80,4.8,2127,0,0,6,3,a
783,Groß,Brighton,BHA,3,5.5,5.3,3.8,49,1.7,1096,1,3,4,4,a
87,Christie,Bournemouth,BOU,3,4.9,5.3,2.0,44,0.2,780,2,1,2,2,a
72,Senesi,Bournemouth,BOU,2,5.2,5.0,4.5,141,21.7,2748,0,4,9,11,a
169,Gomez,Brighton,BHA,3,4.9,5.0,3.2,94,0.9,2015,5,1,8,9,a
686,Ngumoha,Liverpool,LIV,3,4.3,5.0,2.2,31,0.9,286,2,0,2,3,a
329,Wilson,Fulham,FUL,3,6.1,4.7,5.1,154,22.8,2341,10,8,7,21,a
373,Virgil,Liverpool,LIV,2,6.3,4.7,4.5,144,32.4,2880,3,1,10,10,a
694,Mukiele,Sunderland,SUN,2,4.5,4.7,5.0,129,6.8,2244,2,5,8,10,a
242,Dewsbury-Hall,Everton,EVE,3,5.1,4.7,5.0,126,4.7,2096,7,5,8,16,a
450,Cunha,Man Utd,MUN,3,8.0,4.7,4.2,117,8.5,2068,7,4,6,12,a
299,Ndiaye,Everton,EVE,3,6.2,4.7,4.4,114,4.2,2241,6,3,8,7,a
348,Rodon,Leeds,LEE,2,3.9,4.7,3.4,99,3.5,2546,2,0,5,5,i
516,Hudson-Odoi,Nott'm Forest,NFO,3,5.7,4.7,2.9,88,0.7,1838,3,4,6,8,a
318,Bassey,Fulham,FUL,2,4.4,4.7,3.3,80,0.7,1992,1,1,4,9,a
475,Botman,Newcastle,NEW,2,4.9,4.7,3.6,68,0.4,1294,1,1,5,6,a
791,Taty,West Ham,WHU,4,5.5,4.7,3.5,42,0.1,942,4,1,5,3,a
736,Donnarumma,Man City,MCI,1,5.6,4.5,4.0,111,9.2,2520,0,0,12,3,a
646,J.Gomes,Wolves,WOL,3,5.3,4.5,3.1,94,0.4,2381,1,2,4,6,a
418,Doku,Man City,MCI,3,6.4,4.5,3.6,82,2.4,1297,2,7,6,9,a
47,Rogers,Aston Villa,AVL,3,7.4,4.3,4.5,143,22.6,2830,8,7,9,13,a
303,Garner,Everton,EVE,3,5.3,4.3,4.4,142,4.5,2873,2,6,11,13,a
515,Gibbs-White,Nott'm Forest,NFO,3,7.4,4.3,4.2,135,5.2,2723,9,2,9,11,a
293,O'Brien,Everton,EVE,2,4.9,4.3,3.4,106,0.7,2636,0,3,10,2,a
160,Minteh,Brighton,BHA,3,5.5,4.3,3.5,98,2.6,1908,2,8,8,8,a
597,Richarlison,Spurs,TOT,4,6.3,4.3,3.5,95,5.6,1563,9,3,5,13,a
343,Struijk,Leeds,LEE,2,4.3,4.3,3.3,93,2.3,2430,0,1,6,3,a
37,Digne,Aston Villa,AVL,2,4.5,4.3,3.2,87,1.6,1626,0,5,7,5,a
100,Kroupi.Jr,Bournemouth,BOU,4,4.6,4.3,3.1,85,5.6,1232,10,0,6,8,a
54,McGinn,Aston Villa,AVL,3,5.3,4.3,3.4,84,0.6,1807,4,2,8,6,a
506,Murillo,Nott'm Forest,NFO,2,5.2,4.3,3.4,82,2.2,2089,1,0,6,3,a
544,Diarra,Sunderland,SUN,3,5.3,4.3,3.8,57,0.1,1189,2,5,5,3,a
407,Matheus N.,Man City,MCI,2,5.3,4.0,4.8,134,3.0,2354,1,7,10,16,a
1,Raya,Arsenal,ARS,1,6.0,4.0,4.1,130,33.7,2880,0,0,15,6,a
101,Kelleher,Brentford,BRE,1,4.8,4.0,3.7,116,13.0,2790,0,0,8,8,a
317,Andersen,Fulham,FUL,2,4.6,4.0,3.6,105,5.0,2561,0,1,6,5,a
97,Evanilson,Bournemouth,BOU,4,6.7,4.0,3.3,99,2.3,2282,6,5,9,6,a
314,Leno,Fulham,FUL,1,4.9,4.0,2.8,91,1.8,2880,0,0,6,4,a
526,Igor Jesus,Nott'm Forest,NFO,4,5.8,4.0,2.7,83,1.3,1882,3,4,8,8,a
146,Dunk,Brighton,BHA,2,4.5,4.0,2.8,82,0.9,2565,0,1,6,3,s
706,Justin,Leeds,LEE,2,3.9,4.0,2.8,61,1.3,1263,1,1,4,6,a
272,Lerma,Crystal Palace,CRY,3,4.9,4.0,2.4,59,0.1,1336,0,5,6,3,a
370,Frimpong,Liverpool,LIV,2,5.7,4.0,3.6,57,5.2,815,0,5,5,1,a
679,Hermansen,West Ham,WHU,1,4.2,4.0,4.3,52,0.5,1080,0,0,5,8,a
341,Darlow,Leeds,LEE,1,3.9,4.0,2.8,42,5.1,1350,0,0,3,0,a
406,Khusanov,Man City,MCI,2,5.4,4.0,2.6,41,0.4,977,0,0,4,0,a
517,Anderson,Nott'm Forest,NFO,3,5.6,3.7,4.4,142,8.0,2863,2,3,9,10,a
670,Roefs,Sunderland,SUN,1,4.8,3.7,4.2,121,7.7,2610,0,0,9,12,a
295,Keane,Everton,EVE,2,4.6,3.7,4.4,118,3.1,2135,3,0,7,8,a
684,Thiaw,Newcastle,NEW,2,5.1,3.7,4.0,116,6.7,2423,4,0,5,12,a
384,Gakpo,Liverpool,LIV,3,7.3,3.7,3.7,112,5.7,2234,6,4,10,5,a
382,Wirtz,Liverpool,LIV,3,8.3,3.7,4.0,111,9.1,2070,4,4,10,16,a
64,Watkins,Aston Villa,AVL,4,8.5,3.7,3.6,111,8.2,2375,9,2,9,14,a
83,O.Dango,Brentford,BRE,3,6.0,3.7,4.2,108,2.9,1800,5,7,4,13,a
107,Lewis-Potter,Brentford,BRE,2,4.8,3.7,3.0,90,1.6,1422,3,2,7,3,a
292,Mykolenko,Everton,EVE,2,4.9,3.7,3.2,87,0.6,2419,0,1,9,2,a
330,Berge,Fulham,FUL,3,4.9,3.7,2.6,84,0.1,2679,0,3,6,3,a
521,Sangaré,Nott'm Forest,NFO,3,4.9,3.7,3.3,79,0.1,1854,2,2,8,2,a
553,Talbi,Sunderland,SUN,3,4.9,3.7,3.2,76,0.2,1328,4,2,6,6,a
215,Flemming,Burnley,BUR,4,5.3,3.7,3.2,73,0.4,1272,8,0,3,7,a
730,Brobbey,Sunderland,SUN,4,5.3,3.7,2.9,73,0.7,1450,6,1,5,11,a
191,Estève,Burnley,BUR,2,3.9,3.7,2.4,71,7.5,2492,0,0,3,0,a
163,Hinshelwood,Brighton,BHA,3,5.1,3.7,2.9,61,0.4,1244,1,5,4,2,a
367,Mamardashvili,Liverpool,LIV,1,4.1,3.7,4.3,30,0.7,630,0,0,2,2,a
21,Rice,Arsenal,ARS,3,7.3,3.5,5.4,167,25.2,2670,4,9,14,23,a
421,Rodrigo,Man City,MCI,3,6.3,3.5,3.2,60,0.5,1333,1,0,5,5,a
817,Armstrong,Wolves,WOL,4,5.2,3.5,2.8,22,0.1,637,1,2,3,0,a
700,Dowman,Arsenal,ARS,3,4.2,3.5,3.0,12,0.7,79,1,1,0,0,a
254,Benitez,Crystal Palace,CRY,1,3.9,3.5,7.0,7,0.3,90,0,0,1,0,a
120,Schade,Brentford,BRE,3,7.0,3.3,3.7,107,1.8,2296,7,5,9,5,a
668,Xhaka,Sunderland,SUN,3,5.1,3.3,3.7,104,3.3,2361,1,5,8,5,a
67,Petrović,Bournemouth,BOU,1,4.6,3.3,3.2,104,5.5,2880,0,0,9,5,a
354,Ampadu,Leeds,LEE,3,4.9,3.3,3.6,102,0.5,2489,1,2,6,6,a
166,Ayari,Brighton,BHA,3,4.8,3.3,3.7,93,0.4,1810,3,4,6,7,a
113,Van den Berg,Brentford,BRE,2,4.6,3.3,3.4,93,1.4,2393,0,2,6,3,a
470,Dúbravka,Burnley,BUR,1,4.0,3.3,2.8,90,29.6,2880,0,0,4,7,a
386,Mac Allister,Liverpool,LIV,3,6.3,3.3,2.8,86,2.3,2198,2,3,7,6,a
77,Hill,Bournemouth,BOU,2,4.2,3.3,3.7,85,8.7,1562,0,3,6,2,a
59,Onana,Aston Villa,AVL,3,4.8,3.3,3.2,74,0.7,1648,2,0,6,4,a
143,Boscagli,Brighton,BHA,2,4.2,3.3,3.4,31,0.1,529,0,1,2,4,a
614,Ward-Prowse,Burnley,BUR,3,5.6,3.3,2.4,29,0.2,818,0,1,2,0,a
674,Ramsdale,Newcastle,NEW,1,4.8,3.3,2.2,24,0.8,913,0,0,1,1,a
111,Pinnock,Brentford,BRE,2,4.2,3.3,3.5,14,0.1,318,0,0,1,2,a
291,Tarkowski,Everton,EVE,2,5.7,3.0,4.7,145,11.9,2790,1,1,11,9,a
287,Pickford,Everton,EVE,1,5.6,3.0,3.9,126,13.4,2880,0,0,11,11,a
683,Alderete,Sunderland,SUN,2,4.1,3.0,3.9,109,6.1,2443,1,1,9,5,a
106,Collins,Brentford,BRE,2,4.9,3.0,3.7,108,2.8,2431,1,2,7,7,a
381,M.Salah,Liverpool,LIV,3,14.0,3.0,4.6,105,14.0,1907,6,6,7,7,a
7,Calafiori,Arsenal,ARS,2,5.6,3.0,4.2,93,6.1,1446,1,2,11,4,d
603,Diouf,West Ham,WHU,2,4.1,3.0,3.4,88,2.4,2183,0,6,7,3,a
613,Souček,West Ham,WHU,3,5.7,3.0,2.8,82,0.3,1678,4,2,5,6,a
643,André,Wolves,WOL,3,5.2,3.0,2.8,81,0.1,2220,1,0,2,4,a
126,Jensen,Brentford,BRE,3,4.9,3.0,2.5,74,0.1,1735,2,2,7,0,a
720,Tolu,Wolves,WOL,4,5.3,3.0,2.1,60,0.1,1250,3,2,3,4,a
192,Hartman,Burnley,BUR,2,4.0,3.0,3.1,55,0.6,1581,0,5,3,0,a
316,Robinson,Fulham,FUL,2,4.9,3.0,2.7,43,0.8,1109,0,0,3,4,a
372,Robertson,Liverpool,LIV,2,5.7,3.0,2.1,43,1.0,854,0,0,4,4,a
193,Humphreys,Burnley,BUR,2,3.9,3.0,2.6,42,0.1,1320,0,2,2,1,a
644,Bellegarde,Wolves,WOL,3,5.1,3.0,1.7,40,0.0,1139,1,1,3,0,a
500,Osula,Newcastle,NEW,4,5.4,3.0,2.2,39,0.2,364,3,1,1,4,a
73,Smith,Bournemouth,BOU,2,4.4,3.0,2.1,39,0.2,805,0,1,4,2,a
815,Disasi,West Ham,WHU,2,4.5,3.0,3.4,27,0.1,720,0,0,4,0,a
785,Pablo,West Ham,WHU,4,5.4,3.0,2.1,17,0.0,480,0,1,1,0,a
539,O'Nien,Sunderland,SUN,2,4.0,3.0,1.8,16,0.1,318,0,0,2,0,a
660,Stach,Leeds,LEE,3,4.8,2.7,4.7,122,2.2,2135,4,6,6,11,i
32,Martinez,Aston Villa,AVL,1,5.1,2.7,3.9,105,4.7,2385,0,0,7,10,d
337,Raúl,Fulham,FUL,4,6.1,2.7,3.4,105,2.5,1982,9,5,8,7,a
235,Palmer,Chelsea,CHE,3,10.5,2.7,4.8,100,18.2,1506,9,2,3,9,a
714,Woltemade,Newcastle,NEW,4,6.7,2.7,3.4,94,6.7,1666,7,4,7,10,a
129,Yarmoliuk,Brentford,BRE,3,5.0,2.7,2.6,84,0.1,2216,1,2,6,0,a
187,Walker,Burnley,BUR,2,4.4,2.7,2.1,63,1.1,2555,0,2,4,3,a
41,Pau,Aston Villa,AVL,2,4.3,2.7,3.2,58,0.3,1476,0,1,5,2,a
230,Fofana,Chelsea,CHE,2,4.4,2.7,2.9,58,0.4,1362,0,1,4,3,a
477,Livramento,Newcastle,NEW,2,4.9,2.7,3.6,57,1.9,1253,0,1,6,3,a
388,C.Jones,Liverpool,LIV,3,5.4,2.7,2.0,55,0.1,1387,0,2,3,3,d
300,McNeil,Everton,EVE,3,5.5,2.7,2.5,48,0.2,1016,0,3,6,1,a
570,Danso,Spurs,TOT,2,4.2,2.7,2.2,39,0.1,949,0,0,2,1,a
26,Zubimendi,Arsenal,ARS,3,5.0,2.5,3.7,119,3.4,2672,5,1,15,9,a
19,Martinelli,Arsenal,ARS,3,6.8,2.5,1.8,48,0.9,892,1,4,2,1,a
457,Casemiro,Man Utd,MUN,3,5.7,2.3,4.6,134,3.2,2135,7,4,8,15,a
84,Tavernier,Bournemouth,BOU,3,5.4,2.3,4.0,111,4.7,2212,5,4,9,10,a
36,Cash,Aston Villa,AVL,2,4.7,2.3,3.7,107,8.3,2532,3,2,8,6,a
200,Anthony,Burnley,BUR,3,5.0,2.3,3.5,107,2.1,2198,7,3,4,6,a
220,Sánchez,Chelsea,CHE,1,4.8,2.3,3.5,104,12.5,2614,0,1,9,7,a
38,Konsa,Aston Villa,AVL,2,4.4,2.3,3.2,95,8.0,2675,0,1,9,3,a
371,Kerkez,Liverpool,LIV,2,5.6,2.3,2.8,79,3.1,2026,2,1,6,4,a
443,Shaw,Man Utd,MUN,2,4.5,2.3,2.5,77,0.8,2617,0,1,6,0,a
124,Henderson,Brentford,BRE,3,5.0,2.3,2.6,75,0.3,1814,1,3,6,5,d
473,Hall,Newcastle,NEW,2,5.4,2.3,2.9,73,4.0,1839,1,2,4,4,a
593,P.M.Sarr,Spurs,TOT,3,4.5,2.3,2.9,66,1.1,1348,2,3,3,2,a
541,Reinildo,Sunderland,SUN,2,3.8,2.3,3.1,58,2.8,1518,0,2,5,6,a
217,Foster,Burnley,BUR,4,4.9,2.3,2.4,55,0.8,1296,3,2,4,4,a
726,Kolo Muani,Spurs,TOT,4,6.9,2.3,1.8,44,0.4,1313,1,1,3,1,a
807,Rayan,Bournemouth,BOU,3,5.5,2.3,3.8,34,1.9,692,2,1,3,2,a
494,Willock,Newcastle,NEW,3,5.0,2.3,1.4,28,0.1,693,0,1,3,0,a
551,Rigg,Sunderland,SUN,3,4.7,2.3,1.6,23,0.0,637,0,0,3,1,a
430,Haaland,Man City,MCI,4,14.4,2.0,6.6,199,58.4,2503,22,7,11,35,a
82,Semenyo,Man City,MCI,3,8.2,2.0,5.9,176,56.3,2680,15,6,9,17,a
249,João Pedro,Chelsea,CHE,4,7.7,2.0,5.2,166,50.1,2388,14,9,10,28,a
390,Gravenberch,Liverpool,LIV,3,5.5,2.0,4.2,125,4.6,2563,4,5,9,14,a
374,Konaté,Liverpool,LIV,2,5.5,2.0,3.9,117,4.1,2570,1,0,10,8,a
256,Muñoz,Crystal Palace,CRY,2,5.8,2.0,5.1,113,7.3,1869,3,3,9,8,a
324,Iwobi,Fulham,FUL,3,6.4,2.0,3.7,97,2.2,2222,4,3,4,13,a
266,Eze,Arsenal,ARS,3,7.2,2.0,3.5,95,7.7,1530,6,3,8,8,a
267,Sarr,Crystal Palace,CRY,3,6.3,2.0,4.5,94,3.9,1752,7,1,9,9,a
487,Barnes,Newcastle,NEW,3,6.1,2.0,2.7,84,1.2,1667,5,0,5,8,a
322,Tete,Fulham,FUL,2,4.5,2.0,3.7,81,0.3,1791,1,0,6,5,i
342,Bogle,Leeds,LEE,2,4.4,2.0,2.6,76,0.3,2403,1,3,5,0,a
725,Hincapie,Arsenal,ARS,2,5.1,2.0,3.5,74,0.7,1499,1,2,4,6,a
489,J.Murphy,Newcastle,NEW,3,5.9,2.0,2.5,67,0.6,1326,3,1,7,2,a
497,L.Miley,Newcastle,NEW,3,4.4,2.0,3.2,64,1.8,1223,1,4,2,5,a
552,Sadiki,Sunderland,SUN,3,4.9,2.0,2.4,64,0.1,2384,0,1,8,0,a
591,Gray,Spurs,TOT,3,4.8,2.0,2.7,59,0.2,1431,2,2,5,6,a
18,Madueke,Arsenal,ARS,3,6.8,2.0,2.6,55,0.9,942,2,1,6,6,a
580,Johnson,Crystal Palace,CRY,3,6.5,2.0,2.0,55,2.3,1287,2,1,5,2,a
458,Mainoo,Man Utd,MUN,3,4.7,2.0,2.0,45,1.2,1113,0,2,3,0,a
52,J.Ramsey,Newcastle,NEW,3,5.3,2.0,1.8,40,0.2,1080,2,1,1,1,a
659,Walker-Peters,West Ham,WHU,2,4.2,2.0,2.0,38,0.2,1044,1,0,2,0,a
596,Solanke,Spurs,TOT,4,7.2,2.0,2.8,37,1.1,868,3,0,0,4,a
424,Bobb,Fulham,FUL,3,5.1,2.0,1.9,33,0.2,804,0,2,3,0,a
456,Sancho,Aston Villa,AVL,3,5.8,2.0,1.7,32,0.2,752,0,2,2,0,d
812,Ellborg,Sunderland,SUN,1,4.0,2.0,5.3,16,0.1,270,0,0,1,3,a
708,M.Fernandes,West Ham,WHU,3,5.5,1.7,3.6,109,0.4,2477,3,3,6,6,a
241,Caicedo,Chelsea,CHE,3,5.7,1.7,3.6,98,7.5,2262,3,1,6,10,a
681,Šeško,Man Utd,MUN,4,7.4,1.7,3.6,94,6.5,1329,9,2,1,17,a
565,Vicario,Spurs,TOT,1,4.7,1.7,2.9,90,5.2,2790,0,0,7,6,d
676,Ugochukwu,Burnley,BUR,3,5.0,1.7,2.8,86,0.1,2033,3,2,3,5,a
50,Buendía,Aston Villa,AVL,3,5.3,1.7,2.8,84,0.4,1465,5,2,3,8,a
490,Joelinton,Newcastle,NEW,3,5.9,1.7,2.7,67,0.3,1770,2,1,5,2,s
693,Hutchinson,Nott'm Forest,NFO,3,5.4,1.7,2.6,65,0.1,1341,1,5,5,3,a
573,Spence,Spurs,TOT,2,4.1,1.7,2.5,60,0.9,1806,0,0,7,1,a
304,Iroegbunam,Everton,EVE,3,4.8,1.7,2.4,58,0.0,1117,0,3,8,1,a
584,Tel,Spurs,TOT,3,6.2,1.7,2.3,57,0.1,919,3,1,1,5,a
724,Geertruida,Sunderland,SUN,2,4.5,1.7,1.8,46,0.1,1411,0,0,2,0,a
170,Milner,Brighton,BHA,3,4.9,1.7,1.8,34,0.1,714,1,1,2,0,d
338,Muniz,Fulham,FUL,4,5.3,1.7,1.8,27,0.7,653,1,1,1,3,a
527,Awoniyi,Nott'm Forest,NFO,4,5.2,1.7,1.7,20,0.3,268,2,0,0,1,a
16,Saka,Arsenal,ARS,3,9.8,1.5,4.9,133,7.6,1995,6,8,10,14,d
712,Yeremy,Crystal Palace,CRY,3,5.8,1.5,2.4,68,0.2,1791,2,1,7,3,a
654,Strand Larsen,Crystal Palace,CRY,4,6.0,1.5,2.2,64,1.7,1929,4,1,5,3,a
677,Guessand,Crystal Palace,CRY,3,6.2,1.5,2.2,42,0.1,880,1,3,2,0,i
413,Marmoush,Man City,MCI,3,8.3,1.5,2.4,40,2.5,566,1,3,3,4,a
30,Havertz,Arsenal,ARS,4,7.3,1.5,1.9,13,0.5,314,0,1,3,0,a
237,Enzo,Chelsea,CHE,3,6.5,1.3,4.3,129,12.3,2577,8,4,8,14,a
119,Mbeumo,Man Utd,MUN,3,8.5,1.3,4.7,122,20.6,2191,9,3,5,15,a
531,Ballard,Sunderland,SUN,2,4.7,1.3,4.5,118,3.3,2004,2,2,6,9,d
547,E.Le Fée,Sunderland,SUN,3,4.9,1.3,3.7,111,1.1,2390,4,4,9,8,a
236,Neto,Chelsea,CHE,3,7.0,1.3,3.7,110,4.3,2297,5,5,11,8,a
350,Aaronson,Leeds,LEE,3,5.4,1.3,3.6,109,0.9,1975,4,6,8,5,a
366,A.Becker,Liverpool,LIV,1,5.4,1.3,3.6,89,5.7,2250,0,0,8,8,i
568,Pedro Porro,Spurs,TOT,2,5.1,1.3,3.0,84,9.4,2253,0,3,7,4,a
476,Burn,Newcastle,NEW,2,5.0,1.3,3.4,78,3.5,1811,0,3,6,5,a
733,Lammens,Man Utd,MUN,1,5.1,1.3,3.0,76,2.9,2250,0,0,5,6,a
452,Amad,Man Utd,MUN,3,6.2,1.3,3.0,74,1.4,1916,2,4,4,6,a
444,Yoro,Man Utd,MUN,2,4.1,1.3,1.8,50,1.3,1606,0,1,2,1,a
206,Edwards,Burnley,BUR,3,4.7,1.3,2.4,47,0.1,977,1,3,1,2,a
609,Todibo,West Ham,WHU,2,4.3,1.3,2.2,44,0.1,1701,0,1,1,1,a
486,Elanga,Newcastle,NEW,3,6.5,1.3,1.5,43,2.7,1208,0,1,2,0,a
290,Branthwaite,Everton,EVE,2,5.3,1.3,3.1,28,0.5,592,1,1,1,0,a
572,Dragusin,Spurs,TOT,2,4.5,1.3,1.9,15,0.0,513,0,0,0,0,a
253,Henderson,Crystal Palace,CRY,1,5.1,1.0,3.9,117,8.1,2700,0,0,10,7,a
414,Foden,Man City,MCI,3,8.0,1.0,4.2,113,7.9,1822,7,3,10,10,a
440,Dalot,Man Utd,MUN,2,4.6,1.0,3.4,98,4.8,2229,1,6,6,9,a
615,Summerville,West Ham,WHU,3,5.5,1.0,3.8,95,1.4,1933,5,3,6,10,a
224,Cucurella,Chelsea,CHE,2,6.0,1.0,3.4,94,14.9,2166,1,3,9,5,a
273,Wharton,Crystal Palace,CRY,3,5.0,1.0,3.3,92,0.6,2191,0,6,8,6,a
228,Gusto,Chelsea,CHE,2,4.9,1.0,3.2,92,2.0,1821,2,3,7,7,a
121,Damsgaard,Brentford,BRE,3,5.6,1.0,3.3,88,0.9,1611,3,4,3,6,a
532,Hume,Sunderland,SUN,2,4.5,1.0,2.8,88,0.3,2587,0,1,8,6,a
328,Sessegnon,Fulham,FUL,3,5.4,1.0,3.2,81,0.2,1656,2,3,4,5,a
310,Barry,Everton,EVE,4,5.7,1.0,2.4,77,0.8,1645,6,0,7,7,a
365,Nmecha,Leeds,LEE,4,5.0,1.0,2.6,66,0.6,866,6,1,3,8,a
717,Xavi,Spurs,TOT,3,6.5,1.0,2.5,66,1.2,1595,1,4,3,5,a
713,A.Jimenez,Bournemouth,BOU,2,4.5,1.0,2.4,66,0.3,2045,1,2,5,2,a
697,Adli,Bournemouth,BOU,3,5.4,1.0,2.3,63,0.4,1024,3,2,3,4,a
48,Tielemans,Aston Villa,AVL,3,5.9,1.0,2.9,55,0.6,1408,0,4,4,3,a
271,Kamada,Crystal Palace,CRY,3,5.0,1.0,2.6,54,0.1,1493,0,2,6,0,a
749,Mané,Wolves,WOL,4,4.3,1.0,2.6,54,1.5,1309,2,2,5,6,a
727,Chukwueze,Fulham,FUL,3,5.3,1.0,2.9,53,0.1,810,3,4,1,1,a
453,Garnacho,Chelsea,CHE,3,6.4,1.0,2.5,52,0.5,1141,1,4,4,3,a
207,Hannibal,Burnley,BUR,3,4.7,1.0,2.3,52,0.2,981,1,4,2,4,i
669,Ndoye,Nott'm Forest,NFO,3,5.5,1.0,2.1,50,0.7,1167,1,2,2,4,a
86,Brooks,Bournemouth,BOU,3,5.0,1.0,1.9,49,0.2,1061,1,2,4,4,a
402,Aït-Nouri,Man City,MCI,2,5.7,1.0,3.2,45,4.3,804,0,2,3,7,a
40,Mings,Aston Villa,AVL,2,4.3,1.0,3.4,44,0.7,962,0,1,3,4,d
586,Bergvall,Spurs,TOT,3,5.2,1.0,2.2,42,0.2,905,1,2,3,0,a
270,Hughes,Crystal Palace,CRY,3,4.7,1.0,1.5,41,0.1,1353,0,1,5,0,a
519,Dominguez,Nott'm Forest,NFO,3,5.0,1.0,1.9,39,0.0,938,1,0,3,3,a
250,Delap,Chelsea,CHE,4,6.2,1.0,1.7,39,0.9,793,1,2,2,1,a
152,Veltman,Brighton,BHA,2,4.3,1.0,1.9,37,0.1,844,1,0,1,1,a
246,Andrey Santos,Chelsea,CHE,3,4.5,1.0,1.4,34,0.3,1063,0,0,1,0,a
319,Castagne,Fulham,FUL,2,4.3,1.0,1.4,33,0.1,1306,0,1,0,0,a
699,Douglas Luiz,Aston Villa,AVL,3,4.9,1.0,1.8,31,0.1,814,1,1,1,0,a
376,Gomez,Liverpool,LIV,2,4.9,1.0,1.8,31,0.2,512,0,2,2,2,a
662,Mosquera,Arsenal,ARS,2,5.3,1.0,1.9,29,0.2,681,0,0,2,1,a
326,Adama,West Ham,WHU,3,5.1,1.0,1.0,24,0.2,360,0,0,0,0,a
796,Gallagher,Spurs,TOT,3,5.0,1.0,2.2,22,0.1,667,0,1,0,0,a
522,Yates,Nott'm Forest,NFO,3,4.7,1.0,1.2,21,0.1,405,0,1,0,0,a
808,Abraham,Aston Villa,AVL,4,5.9,1.0,1.8,16,0.2,199,1,0,0,2,a
33,M.Bizot,Aston Villa,AVL,1,4.2,1.0,2.3,14,0.4,495,0,0,1,0,a
672,Hato,Chelsea,CHE,2,4.6,1.0,0.8,13,0.2,728,0,0,0,0,a
816,Angel,Wolves,WOL,3,4.7,1.0,1.4,11,0.0,342,0,0,1,0,a
244,Lavia,Chelsea,CHE,3,4.9,1.0,1.0,9,0.0,243,0,0,0,0,a
226,Chalobah,Chelsea,CHE,2,5.4,0.7,4.5,131,11.1,2550,3,1,9,7,i
661,Ekitiké,Liverpool,LIV,4,9.2,0.7,4.5,125,30.0,1797,11,4,7,22,a
225,James,Chelsea,CHE,2,5.6,0.7,4.2,113,6.7,1892,2,6,8,11,i
691,Calvert-Lewin,Leeds,LEE,4,5.6,0.7,3.9,110,9.9,2113,10,2,6,16,a
575,Van de Ven,Spurs,TOT,2,4.4,0.7,3.4,99,18.4,2501,4,1,7,10,a
569,Romero,Spurs,TOT,2,5.0,0.7,4.0,91,3.1,1869,4,1,5,10,d
491,Tonali,Newcastle,NEW,3,5.3,0.7,2.4,73,1.1,2127,0,2,7,2,a
158,Georginio,Brighton,BHA,3,5.6,0.7,2.7,71,0.3,1614,2,4,6,2,a
671,Wilson,West Ham,WHU,4,5.8,0.7,2.5,66,0.5,1045,5,2,1,7,a
325,Smith Rowe,Fulham,FUL,3,5.6,0.7,2.1,66,0.5,1497,3,1,3,1,a
610,Wan-Bissaka,West Ham,WHU,2,4.1,0.7,2.9,63,4.6,1903,0,3,3,0,a
238,Estêvão,Chelsea,CHE,3,6.4,0.7,2.7,57,1.8,824,2,5,4,4,a
157,Mitoma,Brighton,BHA,3,6.1,0.7,2.5,52,2.2,1432,2,1,4,2,a
332,Lukić,Fulham,FUL,3,4.9,0.7,2.5,52,0.1,1280,1,3,4,3,a
478,Trippier,Newcastle,NEW,2,4.9,0.7,2.8,50,1.4,1456,0,1,5,2,a
209,Laurent,Burnley,BUR,3,4.8,0.7,1.8,50,0.0,1576,1,0,2,1,a
167,Baleba,Brighton,BHA,3,4.5,0.7,1.6,42,1.5,1290,0,0,4,0,a
718,S.Magassa,West Ham,WHU,3,5.0,0.7,2.0,41,0.0,969,1,0,2,2,a
39,Maatsen,Aston Villa,AVL,2,4.2,0.7,1.6,41,0.6,1263,0,0,2,0,a
680,Broja,Burnley,BUR,4,5.2,0.7,1.9,40,0.2,815,1,1,1,2,a
561,Mayenda,Sunderland,SUN,4,5.2,0.7,2.1,39,0.5,750,2,0,3,5,a
623,Potts,West Ham,WHU,3,4.4,0.7,1.7,36,0.5,1151,0,1,1,0,a
459,Ugarte,Man Utd,MUN,3,4.7,0.7,1.6,34,0.1,786,0,0,1,0,a
719,Lindelöf,Aston Villa,AVL,2,4.5,0.7,1.8,24,0.1,662,0,1,1,0,a
98,Enes Ünal,Bournemouth,BOU,4,5.4,0.7,1.2,22,0.0,174,1,0,0,1,a
135,Wissa,Newcastle,NEW,4,7.3,0.7,1.5,21,0.6,423,1,0,1,0,a
195,Lucas Pires,Burnley,BUR,2,3.8,0.7,1.2,20,0.3,1110,0,0,1,0,a
728,Röhl,Everton,EVE,3,5.0,0.7,1.5,18,0.0,358,0,0,2,0,a
49,Bailey,Aston Villa,AVL,3,5.5,0.7,1.4,13,0.1,334,0,1,0,0,a
243,George,Everton,EVE,3,4.8,0.7,1.1,11,0.1,261,0,0,1,0,a
426,McAtee,Nott'm Forest,NFO,3,5.0,0.7,0.9,9,0.1,173,0,0,0,0,a
27,Nelson,Brentford,BRE,3,4.8,0.7,1.0,8,0.1,100,0,0,0,0,a
758,Mohamadou Kanté,West Ham,WHU,3,4.5,0.7,0.9,7,0.0,32,0,0,0,0,a
396,Nyoni,Liverpool,LIV,3,4.3,0.7,1.0,5,0.3,14,0,0,0,0,a
42,A.García,Aston Villa,AVL,2,3.9,0.7,0.8,4,0.2,38,0,0,0,0,a
567,Kinsky,Spurs,TOT,1,3.9,0.7,2.0,2,1.6,90,0,0,0,0,a
8,J.Timber,Arsenal,ARS,2,6.2,0.5,5.0,149,24.0,2452,3,6,13,9,d
20,Trossard,Arsenal,ARS,3,6.5,0.5,3.7,100,0.8,1711,5,5,8,9,a
427,Reijnders,Man City,MCI,3,5.0,0.5,3.3,86,9.3,1488,5,2,7,6,a
633,H.Bueno,Wolves,WOL,2,4.3,0.5,2.5,73,0.2,2036,1,2,4,4,a
636,S.Bueno,Wolves,WOL,2,4.4,0.5,3.1,72,0.1,2012,2,2,4,2,a
628,José Sá,Wolves,WOL,1,4.2,0.5,2.9,57,1.2,1800,0,0,4,6,a
634,Mosquera,Wolves,WOL,2,4.3,0.5,2.2,51,0.1,1777,0,0,4,3,s
695,Tchatchoua,Wolves,WOL,2,4.4,0.5,1.8,51,0.0,1785,0,1,3,0,a
642,Hee Chan,Wolves,WOL,3,5.6,0.5,2.1,45,0.1,1163,2,1,2,0,a
635,R.Gomes,Wolves,WOL,2,4.4,0.5,2.2,35,0.1,628,3,0,0,0,a
11,White,Arsenal,ARS,2,5.1,0.5,3.9,31,0.5,484,0,1,3,3,a
415,Savinho,Man City,MCI,3,6.9,0.5,1.6,28,0.4,575,0,2,2,0,a
31,G.Jesus,Arsenal,ARS,4,6.4,0.5,1.5,18,0.3,318,2,0,0,0,a
10,Lewis-Skelly,Arsenal,ARS,2,5.0,0.5,0.9,13,1.4,401,0,0,0,0,a
651,Edozie,Wolves,WOL,3,4.3,0.5,3.5,7,0.4,11,1,0,0,0,a
259,Sosa,Crystal Palace,CRY,2,4.8,0.5,1.0,6,0.1,54,0,0,0,0,a
422,Kovačić,Man City,MCI,3,5.8,0.5,1.0,2,0.0,13,0,0,0,0,a
673,J.Palhinha,Spurs,TOT,3,5.5,0.3,3.5,95,0.7,1802,3,3,4,11,a
698,Okafor,Leeds,LEE,3,5.5,0.3,2.8,68,0.1,1287,4,2,4,3,d
722,Florentino,Burnley,BUR,3,5.0,0.3,2.7,67,0.0,1732,0,2,2,0,a
442,Maguire,Man Utd,MUN,2,4.4,0.3,3.5,63,1.4,1199,1,1,5,3,a
85,Adams,Bournemouth,BOU,3,4.9,0.3,3.2,61,0.3,1432,2,1,6,3,a
145,De Cuyper,Brighton,BHA,2,4.3,0.3,2.5,61,1.6,1145,2,0,4,6,a
560,Isidor,Sunderland,SUN,4,5.0,0.3,2.3,61,1.3,1057,4,1,4,7,a
356,Gruev,Leeds,LEE,3,4.7,0.3,2.6,54,0.1,1290,0,4,5,3,a
455,Mount,Man Utd,MUN,3,5.9,0.3,2.6,47,0.3,813,3,0,3,3,a
190,Ekdal,Burnley,BUR,2,3.8,0.3,2.8,45,0.7,1269,0,0,2,2,a
358,Tanaka,Leeds,LEE,3,4.8,0.3,2.1,44,0.2,759,2,0,2,2,a
210,Tchaouna,Burnley,BUR,3,4.8,0.3,1.7,39,0.0,846,1,1,2,0,a
202,Bruun Larsen,Burnley,BUR,3,5.2,0.3,1.5,37,0.0,984,0,1,3,0,a
233,Acheampong,Chelsea,CHE,2,3.7,0.3,2.6,34,1.7,569,1,0,2,5,a
232,Tosin,Chelsea,CHE,2,4.0,0.3,2.3,34,0.3,743,0,0,2,2,a
385,Chiesa,Liverpool,LIV,3,6.3,0.3,1.5,34,0.3,277,2,1,0,0,a
44,Bogarde,Aston Villa,AVL,2,4.0,0.3,1.4,34,0.5,797,0,0,2,4,a
499,Isak,Liverpool,LIV,4,10.3,0.3,2.7,30,3.5,522,2,1,1,2,a
331,Cairney,Fulham,FUL,3,4.8,0.3,1.4,29,0.0,545,1,0,1,1,a
447,Heaven,Man Utd,MUN,2,3.7,0.3,2.0,28,2.1,650,0,1,1,0,a
525,Wood,Nott'm Forest,NFO,4,7.1,0.3,2.9,26,4.5,563,2,0,1,3,a
199,Worrall,Burnley,BUR,2,3.8,0.3,1.8,20,0.2,496,0,0,0,0,a
305,Armstrong,Everton,EVE,3,4.5,0.3,1.7,19,0.1,495,0,0,1,0,a
353,James,Leeds,LEE,3,5.2,0.3,1.2,18,0.1,405,0,0,1,0,i
574,Udogie,Spurs,TOT,2,4.3,0.3,1.1,16,0.3,929,0,1,0,0,a
164,O'Riley,Brighton,BHA,3,5.5,0.3,3.5,14,0.3,186,1,0,1,2,a
535,Cirkin,Sunderland,SUN,2,4.0,0.3,2.0,14,0.0,301,0,0,1,0,a
336,Reed,Fulham,FUL,3,4.3,0.3,2.2,13,0.3,26,1,0,0,2,i
391,Gannon-Doak,Bournemouth,BOU,3,4.8,0.3,1.6,8,0.0,56,0,1,0,0,a
214,Trésor,Burnley,BUR,3,4.3,0.3,1.0,5,0.1,34,0,0,0,0,a
218,Barnes,Burnley,BUR,4,4.2,0.3,1.0,5,1.3,35,0,0,0,0,a
801,Tóth.A,Bournemouth,BOU,3,4.9,0.3,0.8,4,0.0,76,0,0,0,0,a
804,Souza,Spurs,TOT,2,4.0,0.3,0.8,3,0.0,142,0,0,0,0,a
595,Olusesi,Spurs,TOT,3,4.3,0.3,1.0,1,0.2,14,0,0,0,0,a
750,Rowswell,Spurs,TOT,2,4.0,0.3,1.0,1,0.0,1,0,0,0,0,a
488,Bruno G.,Newcastle,NEW,3,6.8,0.0,5.8,134,4.4,2019,9,6,6,19,i
408,Rúben,Man City,MCI,2,5.5,0.0,4.5,112,3.3,2049,2,0,12,4,i
469,Pope,Newcastle,NEW,1,5.0,0.0,3.7,82,4.4,1966,0,1,7,3,a
419,Grealish,Everton,EVE,3,6.3,0.0,4.0,79,5.7,1627,2,6,7,12,i
403,Gvardiol,Man City,MCI,2,5.9,0.0,4.8,77,3.2,1301,2,2,6,5,i
582,Kudus,Spurs,TOT,3,6.4,0.0,3.9,75,9.3,1535,2,6,7,7,i
441,Dorgu,Man Utd,MUN,2,4.1,0.0,3.4,74,2.6,1329,3,3,3,8,i
205,Cullen,Burnley,BUR,3,4.9,0.0,3.9,70,0.8,1513,2,2,3,8,i
125,Janelt,Brentford,BRE,3,4.9,0.0,3.2,70,0.1,1253,1,4,5,6,i
108,Ajer,Brentford,BRE,2,4.4,0.0,2.9,70,0.2,1624,0,2,5,1,a
612,L.Paquetá,West Ham,WHU,3,5.9,0.0,3.8,69,1.1,1513,4,2,3,8,u
22,Merino,Arsenal,ARS,3,5.4,0.0,3.1,66,0.8,996,4,3,4,5,i
585,Bentancur,Spurs,TOT,3,5.2,0.0,3.2,64,0.2,1407,1,1,5,3,d
17,Ødegaard,Arsenal,ARS,3,7.8,0.0,3.1,62,1.5,1070,1,6,4,5,d
58,Kamara,Aston Villa,AVL,3,4.9,0.0,3.4,61,0.2,1410,1,3,5,7,i
709,Krejčí,Wolves,WOL,2,4.5,0.0,2.4,59,0.1,2127,2,1,3,0,a
53,Malen,Aston Villa,AVL,3,5.1,0.0,2.6,55,0.4,640,4,2,1,3,u
423,N.Gonzalez,Man City,MCI,3,5.9,0.0,2.6,55,0.1,1370,1,0,7,1,a
109,Henry,Brentford,BRE,2,4.3,0.0,2.1,52,0.1,1322,0,2,4,0,i
474,Schär,Newcastle,NEW,2,5.2,0.0,3.2,51,1.1,1089,0,0,4,0,i
600,Areola,West Ham,WHU,1,4.2,0.0,2.5,51,2.0,1800,0,1,0,2,a
685,Diakité,Bournemouth,BOU,2,4.1,0.0,2.6,46,0.3,1275,0,0,4,2,a
588,Odobert,Spurs,TOT,3,5.3,0.0,1.9,46,0.0,972,0,2,2,6,i
663,J.Arias,Wolves,WOL,3,4.9,0.0,2.0,45,0.1,1117,1,0,2,2,u
493,Longstaff,Leeds,LEE,3,4.8,0.0,2.6,44,0.2,943,1,2,1,4,a
436,De Ligt,Man Utd,MUN,2,4.9,0.0,3.3,43,1.8,1170,1,0,1,5,i
665,Perri,Leeds,LEE,1,4.4,0.0,2.7,43,0.3,1440,0,0,3,3,a
731,Kevin,Fulham,FUL,3,5.7,0.0,1.9,43,0.1,898,1,2,4,0,i
375,Bradley,Liverpool,LIV,2,4.9,0.0,2.8,42,0.1,928,0,2,4,2,i
81,Kluivert,Bournemouth,BOU,3,6.9,0.0,2.2,40,0.6,914,2,0,4,3,i
321,J.Cuenca,Fulham,FUL,2,4.3,0.0,2.8,39,0.1,931,0,0,2,1,a
437,Martinez,Man Utd,MUN,2,4.8,0.0,2.8,39,0.5,904,0,0,3,3,d
716,Savona,Nott'm Forest,NFO,2,4.5,0.0,2.8,39,0.1,1025,2,0,3,0,i
648,Munetsi,Wolves,WOL,3,5.3,0.0,2.9,38,0.0,872,1,2,0,1,u
88,Cook,Bournemouth,BOU,3,4.9,0.0,2.4,38,0.0,870,0,1,1,0,i
466,Zirkzee,Man Utd,MUN,4,5.8,0.0,2.1,37,0.4,509,2,1,1,6,a
605,Kilman,West Ham,WHU,2,4.1,0.0,1.7,36,0.1,1559,0,0,1,0,a
511,Morato,Nott'm Forest,NFO,2,4.3,0.0,2.3,35,0.1,938,0,0,2,1,a
162,Gruda,Brighton,BHA,3,5.4,0.0,1.9,35,0.0,708,1,1,2,2,u
543,Adingra,Sunderland,SUN,3,4.9,0.0,2.4,34,0.3,649,1,1,4,3,u
116,Hickey,Brentford,BRE,2,4.0,0.0,1.8,33,0.3,588,0,0,2,0,d
735,Traoré,Sunderland,SUN,3,5.5,0.0,2.5,30,0.0,634,1,1,3,1,i
181,Kostoulas,Brighton,BHA,4,4.8,0.0,1.9,30,0.3,292,2,1,1,3,a
276,Devenny,Crystal Palace,CRY,3,4.3,0.0,1.6,29,1.2,593,1,0,1,0,a
682,Møller Wolfe,Wolves,WOL,2,4.2,0.0,1.6,29,0.1,839,0,2,1,0,a
637,Toti,Wolves,WOL,2,4.2,0.0,2.0,28,0.1,1039,0,0,1,0,a
438,Mazraoui,Man Utd,MUN,2,4.9,0.0,1.9,28,0.2,610,0,0,2,3,a
198,Tuanzebe,Burnley,BUR,2,3.9,0.0,2.5,27,0.9,931,1,0,1,0,a
405,Aké,Man City,MCI,2,5.2,0.0,1.9,27,0.6,487,0,0,2,1,a
301,Alcaraz,Everton,EVE,3,5.2,0.0,1.6,26,0.1,667,0,1,3,0,d
239,Gittens,Chelsea,CHE,3,6.0,0.0,1.6,25,0.1,486,0,2,1,0,d
284,Nketiah,Crystal Palace,CRY,4,5.4,0.0,1.9,23,0.3,414,2,0,0,3,i
631,Agbadou,Wolves,WOL,2,4.2,0.0,1.6,23,0.1,1100,0,0,0,0,u
351,Gnonto,Leeds,LEE,3,5.1,0.0,1.4,22,0.1,377,0,2,1,0,a
296,Patterson,Everton,EVE,2,4.4,0.0,3.5,21,0.0,237,0,0,2,0,a
608,Scarles,West Ham,WHU,2,4.3,0.0,1.8,21,0.0,654,0,1,0,0,a
627,Johnstone,Wolves,WOL,1,4.4,0.0,1.8,21,0.1,1080,0,0,0,0,i
721,Milosavljević,Bournemouth,BOU,2,4.4,0.0,2.7,19,0.0,367,0,0,1,0,a
410,Lewis,Man City,MCI,2,4.6,0.0,1.9,19,1.2,311,0,1,1,2,a
707,Dibling,Everton,EVE,3,5.3,0.0,1.3,18,0.0,349,0,0,2,0,a
345,Bornauw,Leeds,LEE,2,3.8,0.0,1.9,17,0.1,304,0,0,1,0,a
732,Uche,Crystal Palace,CRY,4,5.5,0.0,1.2,17,0.1,159,0,1,0,0,a
180,Tzimas,Brighton,BHA,4,5.2,0.0,1.8,16,0.1,132,1,1,0,0,i
263,Clyne,Crystal Palace,CRY,2,3.8,0.0,1.9,15,0.5,494,0,1,0,2,a
262,Chadi Riad,Crystal Palace,CRY,2,4.0,0.0,2.3,14,0.0,312,0,1,1,0,a
734,Bakwa,Nott'm Forest,NFO,3,5.9,0.0,1.4,14,0.0,342,0,1,0,0,a
362,Piroe,Leeds,LEE,4,4.9,0.0,1.1,14,0.3,215,0,0,1,0,a
548,Mundle,Sunderland,SUN,3,4.9,0.0,1.0,14,0.0,399,0,0,0,0,i
123,Carvalho,Brentford,BRE,3,4.6,0.0,2.2,13,0.1,100,1,0,0,1,i
197,Sonne,Burnley,BUR,2,3.8,0.0,1.9,13,0.2,164,1,0,0,0,u
587,Bissouma,Spurs,TOT,3,5.2,0.0,1.6,13,0.0,460,0,0,0,0,a
320,Diop,Fulham,FUL,2,4.3,0.0,1.3,13,0.1,592,0,0,0,0,a
128,Onyeka,Brentford,BRE,3,4.8,0.0,2.0,12,0.0,88,0,2,0,0,u
409,Stones,Man City,MCI,2,5.4,0.0,1.7,12,0.6,351,0,0,1,0,d
392,Endo,Liverpool,LIV,3,4.9,0.0,1.5,12,0.1,170,0,1,1,0,i
625,Füllkrug,West Ham,WHU,4,5.6,0.0,1.5,12,0.6,407,0,0,1,0,u
252,Marc Guiu,Chelsea,CHE,4,4.0,0.0,1.3,12,5.2,247,0,1,0,0,a
645,Fer López,Wolves,WOL,3,5.1,0.0,1.3,12,0.0,228,0,1,0,0,u
632,Doherty,Wolves,WOL,2,4.4,0.0,1.2,12,0.1,702,0,0,1,0,d
352,Harrison,Leeds,LEE,3,5.1,0.0,1.1,12,0.0,262,0,0,0,0,u
182,Trafford,Man City,MCI,1,4.5,0.0,3.7,11,0.9,270,0,0,1,0,a
400,Ortega Moreno,Nott'm Forest,NFO,1,4.7,0.0,3.7,11,0.2,270,0,0,1,0,a
715,John,Nott'm Forest,NFO,1,4.0,0.0,2.2,11,0.3,437,0,0,1,0,i
431,Bayindir,Man Utd,MUN,1,4.7,0.0,1.8,11,0.3,540,0,0,0,0,a
571,Davies,Spurs,TOT,2,4.3,0.0,3.3,10,0.1,136,1,0,0,1,i
144,Coppola,Brighton,BHA,2,4.2,0.0,2.0,10,0.0,193,0,0,1,0,u
638,Hoever,Wolves,WOL,2,3.8,0.0,1.2,10,0.9,423,0,0,0,0,u
813,Angulo,Sunderland,SUN,3,5.0,0.0,1.8,9,0.0,254,0,0,1,0,d
621,Irving,West Ham,WHU,3,4.3,0.0,1.3,9,0.2,156,0,0,0,0,u
696,Kalimuendo,Nott'm Forest,NFO,4,6.0,0.0,1.0,9,0.1,89,0,0,0,0,u
805,Lucca,Nott'm Forest,NFO,4,5.4,0.0,2.7,8,0.0,119,1,0,1,0,a
25,Nwaneri,Arsenal,ARS,3,5.0,0.0,1.3,8,0.1,165,0,0,1,0,u
618,G.Rodriguez,West Ham,WHU,3,4.8,0.0,1.3,8,0.0,175,0,0,1,0,u
12,Zinchenko,Nott'm Forest,NFO,2,4.9,0.0,1.4,7,0.2,352,0,0,0,0,u
229,B.Badiashile,Chelsea,CHE,2,4.4,0.0,0.9,7,0.0,470,0,0,0,0,a
221,Jörgensen,Chelsea,CHE,1,4.3,0.0,2.0,6,0.2,264,0,0,0,0,d
149,Igor,Brighton,BHA,2,4.5,0.0,1.5,6,0.1,103,0,0,0,0,a
24,Nørgaard,Arsenal,ARS,3,5.1,0.0,1.0,6,0.1,56,0,0,0,0,a
747,Mayers,West Ham,WHU,2,4.0,0.0,1.0,6,0.0,113,0,0,0,0,a
794,Alleyne,Man City,MCI,2,3.9,0.0,2.5,5,0.0,135,0,0,0,0,a
510,Jair Cunha,Nott'm Forest,NFO,2,4.2,0.0,1.7,5,0.1,214,0,0,0,0,d
389,Elliott,Aston Villa,AVL,3,5.1,0.0,1.0,5,0.2,110,0,0,0,0,a
619,L.Guilherme,West Ham,WHU,3,4.9,0.0,1.0,5,0.0,121,0,0,0,0,u
172,Watson,Brighton,BHA,3,4.8,0.0,0.8,5,0.0,57,0,0,0,0,u
93,H.Traorè,Bournemouth,BOU,3,4.5,0.0,4.0,4,0.3,16,0,1,0,0,u
795,Howell,Brighton,BHA,3,4.5,0.0,1.3,4,0.0,92,0,0,0,0,a
130,Donovan,Brentford,BRE,3,4.4,0.0,1.0,4,0.1,38,0,0,0,0,a
269,Esse,Crystal Palace,CRY,3,4.7,0.0,1.0,4,0.1,40,0,0,0,0,u
737,Kusi-Asare,Fulham,FUL,4,4.5,0.0,0.8,4,0.1,30,0,0,0,0,a
607,N.Aguerd,West Ham,WHU,2,4.4,0.0,1.5,3,0.0,180,0,0,0,0,u
792,Alysson,Aston Villa,AVL,3,5.0,0.0,1.0,3,0.0,47,0,0,0,0,a
80,Soler,Bournemouth,BOU,2,3.9,0.0,1.0,3,0.2,34,0,0,0,0,a
294,Coleman,Everton,EVE,2,4.2,0.0,1.0,3,0.1,11,0,0,0,0,a
462,J.Fletcher,Man Utd,MUN,3,4.3,0.0,1.0,3,0.1,107,0,0,0,0,a
549,Neil,Sunderland,SUN,3,4.8,0.0,1.0,3,0.0,13,0,0,0,0,u
640,Pedro Lima,Wolves,WOL,2,4.0,0.0,1.0,3,0.4,3,0,0,0,0,a
754,George Hemmings,Aston Villa,AVL,3,4.5,0.0,1.0,2,0.0,25,0,0,0,0,a
231,M.Sarr,Chelsea,CHE,2,4.5,0.0,1.0,2,0.0,91,0,0,0,0,a
762,Drakes-Thomas,Crystal Palace,CRY,3,4.5,0.0,1.0,2,0.0,7,0,0,0,0,a
739,Mukasa,Man City,MCI,3,4.4,0.0,1.0,2,0.0,25,0,0,0,0,u
448,Malacia,Man Utd,MUN,2,3.7,0.0,1.0,2,0.4,7,0,0,0,0,a
755,Lacey,Man Utd,MUN,3,4.5,0.0,1.0,2,0.0,12,0,0,0,0,a
513,Abbott,Nott'm Forest,NFO,2,3.8,0.0,1.0,2,0.3,120,0,0,0,0,a
814,Netz,Nott'm Forest,NFO,2,4.5,0.0,1.0,2,0.0,48,0,0,0,0,a
542,Seelt,Sunderland,SUN,2,4.0,0.0,1.0,2,0.1,133,0,0,0,0,u
599,Scarlett,Spurs,TOT,4,4.3,0.0,1.0,2,0.5,7,0,0,0,0,u
626,Marshall,West Ham,WHU,4,4.3,0.0,1.0,2,0.5,58,0,0,0,0,u
650,Chirewa,Wolves,WOL,3,4.3,0.0,1.0,2,0.2,25,0,0,0,0,u
168,Buonanotte,Leeds,LEE,3,4.6,0.0,0.7,2,0.1,69,0,0,0,0,a
62,Jimoh-Aloba,Aston Villa,AVL,3,4.5,0.0,1.0,1,0.1,8,0,0,0,0,u
702,Burrowes,Aston Villa,AVL,3,4.3,0.0,1.0,1,0.1,16,0,0,0,0,a
213,Banel,Burnley,BUR,3,4.5,0.0,1.0,1,0.0,9,0,0,0,0,u
96,Winterburn,Bournemouth,BOU,3,4.5,0.0,1.0,1,0.0,6,0,0,0,0,u
105,Valdimarsson,Brentford,BRE,1,3.8,0.0,1.0,1,0.6,90,0,0,0,0,a
122,Milambo,Brentford,BRE,3,5.2,0.0,1.0,1,0.0,45,0,0,0,0,i
133,Peart-Harris,Brentford,BRE,3,4.4,0.0,1.0,1,0.0,1,0,0,0,0,u
159,March,Brighton,BHA,3,5.8,0.0,1.0,1,0.0,4,0,0,0,0,a
175,Knight,Brighton,BHA,3,4.4,0.0,1.0,1,0.1,1,0,0,0,0,u
744,Oriola,Brighton,BHA,3,4.5,0.0,1.0,1,0.0,1,0,0,0,0,a
281,Rodney,Crystal Palace,CRY,3,4.4,0.0,1.0,1,0.0,3,0,0,0,0,a
285,Édouard,Crystal Palace,CRY,4,5.0,0.0,1.0,1,0.2,2,0,0,0,0,u
346,Byram,Leeds,LEE,2,3.7,0.0,1.0,1,0.3,7,0,0,0,0,a
446,Fredricson,Man Utd,MUN,2,3.7,0.0,1.0,1,0.1,2,0,0,0,0,a
769,Bendito Mantato,Man Utd,MUN,3,4.5,0.0,1.0,1,0.0,15,0,0,0,0,a
771,Fletcher,Man Utd,MUN,3,4.4,0.0,1.0,1,0.0,1,0,0,0,0,a
481,A.Murphy,Newcastle,NEW,2,3.8,0.0,1.0,1,0.7,1,0,0,0,0,a
518,Jota,Nott'm Forest,NFO,3,5.4,0.0,1.0,1,0.0,11,0,0,0,0,u
675,Gunn,Nott'm Forest,NFO,1,4.0,0.0,1.0,1,1.1,45,0,0,0,0,a
545,Roberts,Sunderland,SUN,3,5.4,0.0,1.0,1,0.0,27,0,0,0,0,u
800,Jocelin.T,Sunderland,SUN,3,4.9,0.0,1.0,1,0.0,38,0,0,0,0,i
745,Byfield,Spurs,TOT,2,4.0,0.0,1.0,1,0.0,1,0,0,0,0,a
620,Earthy,West Ham,WHU,3,4.5,0.0,1.0,1,0.0,8,0,0,0,0,u
656,Kalajdžić,Wolves,WOL,4,4.9,0.0,1.0,1,0.0,14,0,0,0,0,u
480,Lascelles,Newcastle,NEW,2,4.3,0.0,0.5,1,0.0,19,0,0,0,0,u
678,Masuaku,Sunderland,SUN,2,3.9,0.0,0.3,1,0.5,125,0,0,0,0,u
2,Arrizabalaga,Arsenal,ARS,1,4.0,0.0,0.0,0,0.4,0,0,0,0,0,a
3,Hein,Arsenal,ARS,1,4.0,0.0,0.0,0,0.2,0,0,0,0,0,u
4,Setford,Arsenal,ARS,1,3.9,0.0,0.0,0,0.2,0,0,0,0,0,a
9,Kiwior,Arsenal,ARS,2,5.4,0.0,0.0,0,0.0,0,0,0,0,0,u
13,Clarke,Arsenal,ARS,2,3.7,0.0,0.0,0,0.4,0,0,0,0,0,a
14,Kacurri,Arsenal,ARS,2,3.9,0.0,0.0,0,0.1,0,0,0,0,0,u
15,Nichols,Arsenal,ARS,2,3.7,0.0,0.0,0,0.2,0,0,0,0,0,a
23,Fábio Vieira,Arsenal,ARS,3,5.4,0.0,0.0,0,0.0,0,0,0,0,0,u
28,Kabia,Arsenal,ARS,3,4.5,0.0,0.0,0,0.1,0,0,0,0,0,u
29,Sambi,Arsenal,ARS,3,4.5,0.0,0.0,0,0.0,0,0,0,0,0,u
711,Harriman-Annous,Arsenal,ARS,3,4.4,0.0,0.0,0,0.0,0,0,0,0,0,a
759,Salmon,Arsenal,ARS,2,4.0,0.0,0.0,0,0.0,0,0,0,0,0,a
34,Gauci,Aston Villa,AVL,1,4.0,0.0,0.0,0,0.1,0,0,0,0,0,u
35,Marschall,Aston Villa,AVL,1,4.0,0.0,0.0,0,0.0,0,0,0,0,0,u
43,Alex Moreno,Aston Villa,AVL,2,4.0,0.0,0.0,0,1.6,0,0,0,0,0,u
45,Sousa,Aston Villa,AVL,2,3.8,0.0,0.0,0,0.3,0,0,0,0,0,u
46,Yasin,Aston Villa,AVL,2,4.0,0.0,0.0,0,0.1,0,0,0,0,0,u
51,Iling Jr,Aston Villa,AVL,3,5.5,0.0,0.0,0,0.0,0,0,0,0,0,u
56,Barrenechea,Aston Villa,AVL,3,5.0,0.0,0.0,0,0.0,0,0,0,0,0,u
57,Dobbin,Aston Villa,AVL,3,5.0,0.0,0.0,0,0.0,0,0,0,0,0,u
60,Broggio,Aston Villa,AVL,3,4.4,0.0,0.0,0,0.2,0,0,0,0,0,u
61,Dendoncker,Aston Villa,AVL,3,4.5,0.0,0.0,0,0.1,0,0,0,0,0,u
63,Young,Aston Villa,AVL,3,4.3,0.0,0.0,0,0.5,0,0,0,0,0,u
65,Redmond,Aston Villa,AVL,4,4.5,0.0,0.0,0,0.3,0,0,0,0,0,u
688,Wright,Aston Villa,AVL,1,3.9,0.0,0.0,0,0.6,0,0,0,0,0,a
701,Rowe,Aston Villa,AVL,2,4.0,0.0,0.0,0,0.1,0,0,0,0,0,u
703,Proctor,Aston Villa,AVL,1,3.9,0.0,0.0,0,0.6,0,0,0,0,0,a
710,Patterson,Aston Villa,AVL,2,3.9,0.0,0.0,0,0.2,0,0,0,0,0,a
757,Hollingshead,Aston Villa,AVL,1,4.0,0.0,0.0,0,0.0,0,0,0,0,0,a
768,Leon Routh,Aston Villa,AVL,2,4.0,0.0,0.0,0,0.0,0,0,0,0,0,a
781,Carroll,Aston Villa,AVL,2,4.0,0.0,0.0,0,0.0,0,0,0,0,0,a
183,Weiss,Burnley,BUR,1,4.3,0.0,0.0,0,0.1,0,0,0,0,0,a
184,Green,Burnley,BUR,1,4.0,0.0,0.0,0,0.2,0,0,0,0,0,u
185,Hladký,Burnley,BUR,1,3.9,0.0,0.0,0,0.2,0,0,0,0,0,a
186,Roberts,Burnley,BUR,2,4.3,0.0,0.0,0,0.0,0,0,0,0,0,i
188,Delcroix,Burnley,BUR,2,3.8,0.0,0.0,0,0.2,0,0,0,0,0,u
189,Dodgson,Burnley,BUR,2,4.0,0.0,0.0,0,0.0,0,0,0,0,0,u
194,Jordan,Burnley,BUR,2,3.9,0.0,0.0,0,0.1,0,0,0,0,0,i
196,Sambo,Burnley,BUR,2,4.0,0.0,0.0,0,0.0,0,0,0,0,0,u
201,Benson,Burnley,BUR,3,5.4,0.0,0.0,0,0.0,0,0,0,0,0,u
203,Boateng,Burnley,BUR,3,4.7,0.0,0.0,0,0.0,0,0,0,0,0,a
204,Churlinov,Burnley,BUR,3,4.9,0.0,0.0,0,0.0,0,0,0,0,0,u
208,Koleosho,Burnley,BUR,3,5.0,0.0,0.0,0,0.0,0,0,0,0,0,u
211,A.Ramsey,Burnley,BUR,3,4.4,0.0,0.0,0,1.4,0,0,0,0,0,u
212,Adewumi,Burnley,BUR,3,4.5,0.0,0.0,0,0.0,0,0,0,0,0,u
216,Amdouni,Burnley,BUR,4,4.8,0.0,0.0,0,0.0,0,0,0,0,0,d
219,Obafemi,Burnley,BUR,4,4.4,0.0,0.0,0,0.1,0,0,0,0,0,u
776,Pimlott,Burnley,BUR,3,4.5,0.0,0.0,0,0.0,0,0,0,0,0,a
784,Brierley,Burnley,BUR,3,4.5,0.0,0.0,0,0.0,0,0,0,0,0,a
820,McMahon-Brown,Burnley,BUR,3,4.5,0.0,0.0,0,0.0,0,0,0,0,0,a
66,Neto,Bournemouth,BOU,1,4.5,0.0,0.0,0,0.1,0,0,0,0,0,u
68,Dennis,Bournemouth,BOU,1,4.0,0.0,0.0,0,0.7,0,0,0,0,0,u
69,McKenna,Bournemouth,BOU,1,3.9,0.0,0.0,0,0.2,0,0,0,0,0,a
70,Paulsen,Bournemouth,BOU,1,4.0,0.0,0.0,0,0.1,0,0,0,0,0,u
71,Zabarnyi,Bournemouth,BOU,2,5.0,0.0,0.0,0,0.0,0,0,0,0,0,u
75,Akinmboni,Bournemouth,BOU,2,3.8,0.0,0.0,0,0.2,0,0,0,0,0,a
76,Bevan,Bournemouth,BOU,2,3.8,0.0,0.0,0,0.2,0,0,0,0,0,a
78,J.Araujo,Bournemouth,BOU,2,3.8,0.0,0.0,0,0.5,0,0,0,0,0,u
79,Mepham,Bournemouth,BOU,2,4.0,0.0,0.0,0,0.1,0,0,0,0,0,u
89,Philip,Bournemouth,BOU,3,4.9,0.0,0.0,0,0.0,0,0,0,0,0,u
91,Sinisterra,Bournemouth,BOU,3,5.0,0.0,0.0,0,0.0,0,0,0,0,0,u
92,Faivre,Bournemouth,BOU,3,4.5,0.0,0.0,0,0.1,0,0,0,0,0,u
94,Sadi,Bournemouth,BOU,3,4.5,0.0,0.0,0,0.0,0,0,0,0,0,u
95,Silcott-Duberry,Bournemouth,BOU,3,4.4,0.0,0.0,0,0.1,0,0,0,0,0,u
99,Adu-Adjei,Bournemouth,BOU,4,4.4,0.0,0.0,0,0.1,0,0,0,0,0,u
687,Rees-Dottin,Bournemouth,BOU,3,4.3,0.0,0.0,0,0.2,0,0,0,0,0,a
756,DaCosta,Bournemouth,BOU,3,4.5,0.0,0.0,0,0.0,0,0,0,0,0,a
782,Forster,Bournemouth,BOU,1,4.0,0.0,0.0,0,0.0,0,0,0,0,0,a
799,Stevens,Bournemouth,BOU,3,4.5,0.0,0.0,0,0.0,0,0,0,0,0,a
806,Mandas,Bournemouth,BOU,1,4.0,0.0,0.0,0,0.0,0,0,0,0,0,a
102,Balcombe,Brentford,BRE,1,3.9,0.0,0.0,0,0.3,0,0,0,0,0,a
103,Cox,Brentford,BRE,1,3.9,0.0,0.0,0,0.1,0,0,0,0,0,u
104,Eyestone,Brentford,BRE,1,3.9,0.0,0.0,0,0.1,0,0,0,0,0,a
112,Roerslev,Brentford,BRE,2,4.5,0.0,0.0,0,0.0,0,0,0,0,0,u
114,Arthur,Brentford,BRE,2,3.8,0.0,0.0,0,0.2,0,0,0,0,0,u
115,Fredrick,Brentford,BRE,2,4.0,0.0,0.0,0,0.1,0,0,0,0,0,u
117,Ji-soo,Brentford,BRE,2,3.9,0.0,0.0,0,0.1,0,0,0,0,0,u
118,Meghoma,Brentford,BRE,2,4.0,0.0,0.0,0,0.0,0,0,0,0,0,u
127,Nunes,Brentford,BRE,3,4.9,0.0,0.0,0,0.0,0,0,0,0,0,u
131,Konak,Brentford,BRE,3,4.3,0.0,0.0,0,0.1,0,0,0,0,0,u
132,Maghoma,Brentford,BRE,3,4.5,0.0,0.0,0,0.0,0,0,0,0,0,u
134,Trevitt,Brentford,BRE,3,4.5,0.0,0.0,0,0.0,0,0,0,0,0,u
137,Morgan,Brentford,BRE,4,4.4,0.0,0.0,0,0.3,0,0,0,0,0,u
748,Dasilva,Brentford,BRE,3,4.9,0.0,0.0,0,0.0,0,0,0,0,0,i
797,Furo,Brentford,BRE,4,4.5,0.0,0.0,0,0.0,0,0,0,0,0,a
810,Bentt,Brentford,BRE,3,4.5,0.0,0.0,0,0.0,0,0,0,0,0,a
819,Shield,Brentford,BRE,2,4.0,0.0,0.0,0,0.0,0,0,0,0,0,a
823,Stephenson,Brentford,BRE,2,4.0,0.0,0.0,0,0.0,0,0,0,0,0,a
824,McManus,Brentford,BRE,2,4.0,0.0,0.0,0,0.0,0,0,0,0,0,a
826,Owen,Brentford,BRE,3,4.5,0.0,0.0,0,0.0,0,0,0,0,0,a
138,Steele,Brighton,BHA,1,4.2,0.0,0.0,0,0.2,0,0,0,0,0,a
140,McGill,Brighton,BHA,1,3.9,0.0,0.0,0,0.3,0,0,0,0,0,a
141,Rushworth,Brighton,BHA,1,4.0,0.0,0.0,0,0.0,0,0,0,0,0,u
142,Scherpen,Brighton,BHA,1,4.0,0.0,0.0,0,0.0,0,0,0,0,0,u
147,Estupiñan,Brighton,BHA,2,4.5,0.0,0.0,0,0.0,0,0,0,0,0,u
150,Lamptey,Brighton,BHA,2,4.4,0.0,0.0,0,0.1,0,0,0,0,0,u
153,Webster,Brighton,BHA,2,4.4,0.0,0.0,0,0.0,0,0,0,0,0,i
154,Cashin,Brighton,BHA,2,4.0,0.0,0.0,0,0.0,0,0,0,0,0,u
155,Slater,Brighton,BHA,2,4.0,0.0,0.0,0,0.1,0,0,0,0,0,u
156,Tasker,Brighton,BHA,2,3.8,0.0,0.0,0,0.2,0,0,0,0,0,a
161,Enciso,Brighton,BHA,3,5.4,0.0,0.0,0,0.0,0,0,0,0,0,u
165,Sima,Brighton,BHA,3,5.4,0.0,0.0,0,0.0,0,0,0,0,0,u
171,Sarmiento,Brighton,BHA,3,4.9,0.0,0.0,0,0.0,0,0,0,0,0,u
174,Yalcouye,Brighton,BHA,3,5.0,0.0,0.0,0,0.0,0,0,0,0,0,u
176,Mazilu,Brighton,BHA,3,4.5,0.0,0.0,0,0.0,0,0,0,0,0,u
177,Moran,Brighton,BHA,3,4.5,0.0,0.0,0,0.0,0,0,0,0,0,u
179,Ferguson,Brighton,BHA,4,5.5,0.0,0.0,0,0.0,0,0,0,0,0,u
761,Simmonds,Brighton,BHA,2,4.0,0.0,0.0,0,0.0,0,0,0,0,0,a
222,Penders,Chelsea,CHE,1,4.0,0.0,0.0,0,0.0,0,0,0,0,0,u
223,Slonina,Chelsea,CHE,1,3.9,0.0,0.0,0,0.1,0,0,0,0,0,a
227,Colwill,Chelsea,CHE,2,4.7,0.0,0.0,0,0.1,0,0,0,0,0,i
234,Anselmino,Chelsea,CHE,2,4.0,0.0,0.0,0,0.1,0,0,0,0,0,u
240,Nkunku,Chelsea,CHE,3,5.9,0.0,0.0,0,0.1,0,0,0,0,0,u
245,Mudryk,Chelsea,CHE,3,4.9,0.0,0.0,0,0.0,0,0,0,0,0,s
247,D.Essugo,Chelsea,CHE,3,4.3,0.0,0.0,0,0.1,8,0,0,0,0,a
248,Paez,Chelsea,CHE,3,4.5,0.0,0.0,0,0.0,0,0,0,0,0,u
251,N.Jackson,Chelsea,CHE,4,6.5,0.0,0.0,0,0.1,0,0,0,0,0,u
743,Emenalo,Chelsea,CHE,3,4.5,0.0,0.0,0,0.0,0,0,0,0,0,a
789,Merrick,Chelsea,CHE,1,4.0,0.0,0.0,0,0.0,0,0,0,0,0,a
803,Sharman-Lowe,Chelsea,CHE,1,4.0,0.0,0.0,0,0.0,0,0,0,0,0,a
255,Matthews,Crystal Palace,CRY,1,3.9,0.0,0.0,0,0.1,0,0,0,0,0,a
264,Holding,Crystal Palace,CRY,2,4.0,0.0,0.0,0,0.0,0,0,0,0,0,u
265,Kporha,Crystal Palace,CRY,2,4.0,0.0,0.0,0,0.0,0,0,0,0,0,a
268,Doucouré,Crystal Palace,CRY,3,4.9,0.0,0.0,0,0.0,0,0,0,0,0,i
274,Agbinone,Crystal Palace,CRY,3,4.3,0.0,0.0,0,0.1,0,0,0,0,0,a
275,Ahamada,Crystal Palace,CRY,3,4.3,0.0,0.0,0,0.0,0,0,0,0,0,u
277,Ebiowei,Crystal Palace,CRY,3,4.5,0.0,0.0,0,0.0,0,0,0,0,0,u
278,J.Rak-Sakyi,Crystal Palace,CRY,3,4.4,0.0,0.0,0,0.0,0,0,0,0,0,u
279,M.França,Crystal Palace,CRY,3,4.5,0.0,0.0,0,0.0,0,0,0,0,0,u
280,Ozoh,Crystal Palace,CRY,3,4.5,0.0,0.0,0,0.0,0,0,0,0,0,u
282,Umeh,Crystal Palace,CRY,3,4.5,0.0,0.0,0,0.0,0,0,0,0,0,u
286,Marsh,Crystal Palace,CRY,4,4.4,0.0,0.0,0,0.3,0,0,0,0,0,a
690,Cardines,Crystal Palace,CRY,3,4.4,0.0,0.0,0,0.3,0,0,0,0,0,a
773,Benamar,Crystal Palace,CRY,2,4.0,0.0,0.0,0,0.0,0,0,0,0,0,a
780,Casey,Crystal Palace,CRY,4,4.5,0.0,0.0,0,0.0,0,0,0,0,0,a
793,King,Crystal Palace,CRY,2,4.0,0.0,0.0,0,0.0,0,0,0,0,0,a
798,Imray,Crystal Palace,CRY,2,4.0,0.0,0.0,0,0.0,0,0,0,0,0,u
288,Travers,Everton,EVE,1,4.3,0.0,0.0,0,0.1,0,0,0,0,0,a
289,Tyrer,Everton,EVE,1,3.9,0.0,0.0,0,0.1,0,0,0,0,0,u
297,Dixon,Everton,EVE,2,3.8,0.0,0.0,0,0.2,0,0,0,0,0,u
298,Welch,Everton,EVE,2,3.8,0.0,0.0,0,0.1,0,0,0,0,0,a
306,Bates,Everton,EVE,3,4.3,0.0,0.0,0,0.1,0,0,0,0,0,a
307,Ebere,Everton,EVE,3,4.4,0.0,0.0,0,0.0,0,0,0,0,0,a
308,Heath,Everton,EVE,3,4.5,0.0,0.0,0,0.0,0,0,0,0,0,u
309,Metcalfe,Everton,EVE,3,4.5,0.0,0.0,0,0.0,0,0,0,0,0,u
312,Y.Chermiti,Everton,EVE,4,4.9,0.0,0.0,0,0.1,0,0,0,0,0,u
313,Sherif,Everton,EVE,4,4.4,0.0,0.0,0,0.1,0,0,0,0,0,u
630,King,Everton,EVE,1,3.9,0.0,0.0,0,1.2,0,0,0,0,0,a
667,Aznou,Everton,EVE,2,4.2,0.0,0.0,0,0.1,0,0,0,0,0,a
704,Onyango,Everton,EVE,3,4.5,0.0,0.0,0,0.0,0,0,0,0,0,u
705,Campbell,Everton,EVE,2,3.9,0.0,0.0,0,0.2,0,0,0,0,0,u
779,Graham,Everton,EVE,4,4.5,0.0,0.0,0,0.0,0,0,0,0,0,a
315,Benda,Fulham,FUL,1,4.0,0.0,0.0,0,0.0,0,0,0,0,0,u
323,Amissah,Fulham,FUL,2,3.8,0.0,0.0,0,0.1,0,0,0,0,0,a
327,Andreas,Fulham,FUL,3,5.3,0.0,0.0,0,0.1,0,0,0,0,0,u
333,Godo,Fulham,FUL,3,4.5,0.0,0.0,0,0.0,0,0,0,0,0,u
334,Harris,Fulham,FUL,3,4.5,0.0,0.0,0,0.0,0,0,0,0,0,u
664,Lecomte,Fulham,FUL,1,3.9,0.0,0.0,0,0.7,0,0,0,0,0,a
770,Ridgeon,Fulham,FUL,3,4.5,0.0,0.0,0,0.0,0,0,0,0,0,a
786,McNally,Fulham,FUL,1,4.0,0.0,0.0,0,0.0,0,0,0,0,0,a
339,Meslier,Leeds,LEE,1,4.1,0.0,0.0,0,0.3,0,0,0,0,0,a
340,Cairns,Leeds,LEE,1,3.9,0.0,0.0,0,0.1,0,0,0,0,0,a
349,Schmidt,Leeds,LEE,2,4.0,0.0,0.0,0,0.1,0,0,0,0,0,u
355,Greenwood,Leeds,LEE,3,4.9,0.0,0.0,0,0.0,0,0,0,0,0,u
357,Ramazani,Leeds,LEE,3,4.9,0.0,0.0,0,0.0,0,0,0,0,0,u
359,Crew,Leeds,LEE,3,4.5,0.0,0.0,0,0.0,0,0,0,0,0,u
360,Gelhardt,Leeds,LEE,3,4.5,0.0,0.0,0,0.0,0,0,0,0,0,u
361,Gyabi,Leeds,LEE,3,4.5,0.0,0.0,0,0.0,0,0,0,0,0,u
363,Bamford,Leeds,LEE,4,4.9,0.0,0.0,0,0.3,0,0,0,0,0,u
364,Mateo Joseph,Leeds,LEE,4,5.0,0.0,0.0,0,0.0,0,0,0,0,0,u
741,Gray,Leeds,LEE,4,4.5,0.0,0.0,0,0.1,0,0,0,0,0,u
787,Chambers,Leeds,LEE,3,4.4,0.0,0.0,0,0.0,0,0,0,0,0,a
368,Pécsi,Liverpool,LIV,1,3.8,0.0,0.0,0,0.9,0,0,0,0,0,a
369,Woodman,Liverpool,LIV,1,3.9,0.0,0.0,0,0.2,0,0,0,0,0,a
377,Tsimikas,Liverpool,LIV,2,4.8,0.0,0.0,0,0.0,0,0,0,0,0,u
378,Nallo,Liverpool,LIV,2,3.7,0.0,0.0,0,1.0,0,0,0,0,0,a
379,R.Williams,Liverpool,LIV,2,3.7,0.0,0.0,0,0.6,0,0,0,0,0,a
380,Ramsay,Liverpool,LIV,2,3.7,0.0,0.0,0,0.2,0,0,0,0,0,a
383,Luis Díaz,Liverpool,LIV,3,8.0,0.0,0.0,0,0.0,0,0,0,0,0,u
393,Bajcetic,Liverpool,LIV,3,4.2,0.0,0.0,0,0.1,0,0,0,0,0,i
394,McConnell,Liverpool,LIV,3,4.4,0.0,0.0,0,0.0,0,0,0,0,0,u
395,Morton,Liverpool,LIV,3,4.5,0.0,0.0,0,0.0,0,0,0,0,0,u
397,Darwin,Liverpool,LIV,4,6.5,0.0,0.0,0,0.1,0,0,0,0,0,u
398,Danns,Liverpool,LIV,4,4.3,0.0,0.0,0,0.1,0,0,0,0,0,i
692,Leoni,Liverpool,LIV,2,4.9,0.0,0.0,0,0.0,0,0,0,0,0,i
746,Morrison,Liverpool,LIV,3,4.5,0.0,0.0,0,0.0,0,0,0,0,0,a
760,Lucky,Liverpool,LIV,2,4.0,0.0,0.0,0,0.0,0,0,0,0,0,a
399,Ederson M.,Man City,MCI,1,5.3,0.0,0.0,0,0.8,0,0,0,0,0,u
401,Bettinelli,Man City,MCI,1,3.8,0.0,0.0,0,0.4,0,0,0,0,0,a
404,Akanji,Man City,MCI,2,5.4,0.0,0.0,0,0.3,0,0,0,0,0,u
412,Vitor Reis,Man City,MCI,2,5.0,0.0,0.0,0,0.0,0,0,0,0,0,u
420,Gündoğan,Man City,MCI,3,6.3,0.0,0.0,0,0.1,0,0,0,0,0,u
425,Echeverri,Man City,MCI,3,5.4,0.0,0.0,0,0.0,0,0,0,0,0,u
428,Nypan,Man City,MCI,3,5.0,0.0,0.0,0,0.0,0,0,0,0,0,a
429,Phillips,Man City,MCI,3,4.7,0.0,0.0,0,0.1,0,0,0,0,0,u
740,Mfuni,Man City,MCI,2,3.9,0.0,0.0,0,0.0,0,0,0,0,0,u
742,McAidoo,Man City,MCI,3,4.5,0.0,0.0,0,0.0,0,0,0,0,0,a
763,Gray,Man City,MCI,3,4.5,0.0,0.0,0,0.0,0,0,0,0,0,a
764,Heskey,Man City,MCI,3,4.5,0.0,0.0,0,0.0,0,0,0,0,0,a
432,Onana,Man Utd,MUN,1,4.9,0.0,0.0,0,0.1,0,0,0,0,0,u
433,Harrison,Man Utd,MUN,1,4.0,0.0,0.0,0,0.0,0,0,0,0,0,u
434,Heaton,Man Utd,MUN,1,3.8,0.0,0.0,0,0.3,0,0,0,0,0,a
435,Mee,Man Utd,MUN,1,3.9,0.0,0.0,0,0.1,0,0,0,0,0,a
439,D.Leon,Man Utd,MUN,2,4.1,0.0,0.0,0,0.1,0,0,0,0,0,a
445,Amass,Man Utd,MUN,2,4.0,0.0,0.0,0,0.1,0,0,0,0,0,u
451,Rashford,Man Utd,MUN,3,7.0,0.0,0.0,0,0.0,0,0,0,0,0,u
454,Antony,Man Utd,MUN,3,5.9,0.0,0.0,0,0.1,0,0,0,0,0,u
460,Collyer,Man Utd,MUN,3,4.5,0.0,0.0,0,0.0,0,0,0,0,0,u
461,Fitzgerald,Man Utd,MUN,3,4.3,0.0,0.0,0,0.0,0,0,0,0,0,a
463,Kone,Man Utd,MUN,3,4.3,0.0,0.0,0,0.1,0,0,0,0,0,u
464,Moorhouse,Man Utd,MUN,3,4.5,0.0,0.0,0,0.0,0,0,0,0,0,u
465,Højlund,Man Utd,MUN,4,6.3,0.0,0.0,0,0.3,0,0,0,0,0,u
467,Obi,Man Utd,MUN,4,4.2,0.0,0.0,0,1.4,0,0,0,0,0,a
468,Wheatley,Man Utd,MUN,4,4.5,0.0,0.0,0,0.1,0,0,0,0,0,u
788,Kukonki,Man Utd,MUN,2,4.0,0.0,0.0,0,0.0,0,0,0,0,0,a
471,Gillespie,Newcastle,NEW,1,3.9,0.0,0.0,0,0.1,0,0,0,0,0,a
472,Odysseas,Newcastle,NEW,1,4.0,0.0,0.0,0,0.0,0,0,0,0,0,u
479,Krafth,Newcastle,NEW,2,4.3,0.0,0.0,0,0.0,45,0,0,0,0,i
482,Ashby,Newcastle,NEW,2,3.9,0.0,0.0,0,0.1,0,0,0,0,0,u
483,Pivas,Newcastle,NEW,2,3.8,0.0,0.0,0,0.4,0,0,0,0,0,a
484,Targett,Newcastle,NEW,2,4.0,0.0,0.0,0,0.1,0,0,0,0,0,u
492,Antoñito C.,Newcastle,NEW,3,4.9,0.0,0.0,0,0.0,0,0,0,0,0,u
495,Hayden,Newcastle,NEW,3,4.5,0.0,0.0,0,0.0,0,0,0,0,0,u
496,Kuol,Newcastle,NEW,3,4.4,0.0,0.0,0,0.0,0,0,0,0,0,u
498,White,Newcastle,NEW,3,4.5,0.0,0.0,0,0.0,0,0,0,0,0,u
501,Neave,Newcastle,NEW,4,4.3,0.0,0.0,0,0.3,0,0,0,0,0,a
689,Seung soo,Newcastle,NEW,3,4.3,0.0,0.0,0,0.5,0,0,0,0,0,a
753,Ruddy,Newcastle,NEW,1,4.0,0.0,0.0,0,0.0,0,0,0,0,0,a
765,Shahar,Newcastle,NEW,2,4.0,0.0,0.0,0,0.0,0,0,0,0,0,a
772,Alabi,Newcastle,NEW,3,4.5,0.0,0.0,0,0.0,0,0,0,0,0,a
503,C.Miguel,Nott'm Forest,NFO,1,4.0,0.0,0.0,0,0.1,0,0,0,0,0,u
504,Turner,Nott'm Forest,NFO,1,4.0,0.0,0.0,0,0.1,0,0,0,0,0,u
509,David Carmo,Nott'm Forest,NFO,2,4.5,0.0,0.0,0,0.0,0,0,0,0,0,u
512,O.Richards,Nott'm Forest,NFO,2,4.5,0.0,0.0,0,0.0,0,0,0,0,0,u
514,Boly,Nott'm Forest,NFO,2,3.8,0.0,0.0,0,0.3,0,0,0,0,0,i
520,O'Brien,Nott'm Forest,NFO,3,5.0,0.0,0.0,0,0.0,0,0,0,0,0,u
523,Da Silva Moreira,Nott'm Forest,NFO,3,4.5,0.0,0.0,0,0.1,0,0,0,0,0,a
524,Stamenic,Nott'm Forest,NFO,3,4.5,0.0,0.0,0,0.0,0,0,0,0,0,u
729,Cuiabano,Nott'm Forest,NFO,2,4.5,0.0,0.0,0,0.0,0,0,0,0,0,u
528,Patterson,Sunderland,SUN,1,4.2,0.0,0.0,0,0.2,0,0,0,0,0,u
529,Moore,Sunderland,SUN,1,3.9,0.0,0.0,0,0.3,0,0,0,0,0,i
530,Nna Noukeu,Sunderland,SUN,1,3.9,0.0,0.0,0,0.1,0,0,0,0,0,u
533,Alese,Sunderland,SUN,2,4.0,0.0,0.0,0,0.0,0,0,0,0,0,u
534,Anderson,Sunderland,SUN,2,3.8,0.0,0.0,0,0.3,0,0,0,0,0,u
536,Hjelde,Sunderland,SUN,2,4.0,0.0,0.0,0,0.0,0,0,0,0,0,u
537,Huggins,Sunderland,SUN,2,4.0,0.0,0.0,0,0.1,0,0,0,0,0,u
538,Johnson,Sunderland,SUN,2,3.8,0.0,0.0,0,0.2,0,0,0,0,0,u
540,Pembele,Sunderland,SUN,2,3.9,0.0,0.0,0,0.3,0,0,0,0,0,u
546,Aleksić,Sunderland,SUN,3,4.9,0.0,0.0,0,0.0,0,0,0,0,0,a
550,Poveda,Sunderland,SUN,3,4.7,0.0,0.0,0,0.0,0,0,0,0,0,a
554,Ba,Sunderland,SUN,3,4.3,0.0,0.0,0,0.3,0,0,0,0,0,a
555,Browne,Sunderland,SUN,3,4.5,0.0,0.0,0,0.0,0,0,0,0,0,u
556,Ekwah,Sunderland,SUN,3,4.5,0.0,0.0,0,0.0,0,0,0,0,0,u
557,H.Jones,Sunderland,SUN,3,4.3,0.0,0.0,0,0.1,0,0,0,0,0,a
558,Matete,Sunderland,SUN,3,4.3,0.0,0.0,0,0.2,0,0,0,0,0,u
559,Triantis,Sunderland,SUN,3,4.4,0.0,0.0,0,0.0,0,0,0,0,0,u
562,Abdullahi,Sunderland,SUN,4,4.2,0.0,0.0,0,0.4,0,0,0,0,0,a
563,Luís Hemir,Sunderland,SUN,4,4.4,0.0,0.0,0,0.1,0,0,0,0,0,u
564,Rusyn,Sunderland,SUN,4,4.4,0.0,0.0,0,0.1,0,0,0,0,0,u
774,Jenson Jones,Sunderland,SUN,2,4.0,0.0,0.0,0,0.0,0,0,0,0,0,a
775,Tutierov,Sunderland,SUN,3,4.5,0.0,0.0,0,0.0,0,0,0,0,0,u
821,Whittaker,Sunderland,SUN,3,4.5,0.0,0.0,0,0.0,0,0,0,0,0,a
822,Jones,Sunderland,SUN,3,4.5,0.0,0.0,0,0.0,0,0,0,0,0,a
566,Austin,Spurs,TOT,1,3.9,0.0,0.0,0,0.3,0,0,0,0,0,a
576,Phillips,Spurs,TOT,2,4.0,0.0,0.0,0,0.0,0,0,0,0,0,u
577,Takai,Spurs,TOT,2,4.0,0.0,0.0,0,0.0,0,0,0,0,0,u
578,Vuskovic,Spurs,TOT,2,3.9,0.0,0.0,0,0.3,0,0,0,0,0,u
579,Son,Spurs,TOT,3,8.5,0.0,0.0,0,0.1,0,0,0,0,0,u
581,Maddison,Spurs,TOT,3,6.8,0.0,0.0,0,0.1,0,0,0,0,0,i
583,Kulusevski,Spurs,TOT,3,6.4,0.0,0.0,0,0.0,0,0,0,0,0,i
589,Solomon,Spurs,TOT,3,5.4,0.0,0.0,0,0.0,0,0,0,0,0,u
590,Bryan,Spurs,TOT,3,4.9,0.0,0.0,0,0.0,0,0,0,0,0,u
592,Moore,Spurs,TOT,3,5.0,0.0,0.0,0,0.0,0,0,0,0,0,u
594,Min-hyeok,Spurs,TOT,3,4.5,0.0,0.0,0,0.0,0,0,0,0,0,u
598,Lankshear,Spurs,TOT,4,4.5,0.0,0.0,0,0.0,0,0,0,0,0,u
751,Akhamrich,Spurs,TOT,3,4.5,0.0,0.0,0,0.0,0,0,0,0,0,u
790,Williams-Barnett,Spurs,TOT,3,4.5,0.0,0.0,0,0.0,0,0,0,0,0,a
811,Kyerematen,Spurs,TOT,3,4.5,0.0,0.0,0,0.0,0,0,0,0,0,a
818,Wilson,Spurs,TOT,4,4.5,0.0,0.0,0,0.0,0,0,0,0,0,a
601,Foderingham,West Ham,WHU,1,4.0,0.0,0.0,0,0.2,0,0,0,0,0,u
602,Hegyi,West Ham,WHU,1,3.9,0.0,0.0,0,0.2,0,0,0,0,0,u
604,Emerson,West Ham,WHU,2,4.4,0.0,0.0,0,0.1,0,0,0,0,0,u
611,Casey,West Ham,WHU,2,4.0,0.0,0.0,0,0.1,0,0,0,0,0,u
616,Álvarez,West Ham,WHU,3,4.9,0.0,0.0,0,0.0,0,0,0,0,0,u
617,Cornet,West Ham,WHU,3,4.9,0.0,0.0,0,0.0,0,0,0,0,0,u
622,Orford,West Ham,WHU,3,4.4,0.0,0.0,0,0.1,0,0,0,0,0,u
738,Fabianski,West Ham,WHU,1,4.5,0.0,0.0,0,0.0,0,0,0,0,0,d
752,Golambeckis,West Ham,WHU,2,4.0,0.0,0.0,0,0.0,0,0,0,0,0,a
802,Lamadrid,West Ham,WHU,3,5.0,0.0,0.0,0,0.0,0,0,0,0,0,a
825,Herrick,West Ham,WHU,1,4.0,0.0,0.0,0,0.0,0,0,0,0,0,a
629,Bentley,Wolves,WOL,1,3.9,0.0,0.0,0,0.5,0,0,0,0,0,a
639,Meupiyou,Wolves,WOL,2,4.0,0.0,0.0,0,0.0,0,0,0,0,0,u
641,Pond,Wolves,WOL,2,3.9,0.0,0.0,0,0.9,0,0,0,0,0,u
647,Guedes,Wolves,WOL,3,5.5,0.0,0.0,0,0.0,0,0,0,0,0,u
649,B.Traore,Wolves,WOL,3,5.0,0.0,0.0,0,0.0,0,0,0,0,0,u
652,Gonzalez,Wolves,WOL,3,4.3,0.0,0.0,0,1.3,0,0,0,0,0,a
653,Hodge,Wolves,WOL,3,4.5,0.0,0.0,0,0.0,0,0,0,0,0,u
655,Fábio Silva,Wolves,WOL,4,4.9,0.0,0.0,0,0.2,0,0,0,0,0,u
657,Chiwome,Wolves,WOL,4,4.4,0.0,0.0,0,0.0,0,0,0,0,0,a
658,Fraser,Wolves,WOL,4,4.2,0.0,0.0,0,1.8,0,0,0,0,0,a
766,Olagunju,Wolves,WOL,2,4.0,0.0,0.0,0,0.0,0,0,0,0,0,a
767,Rawlings,Wolves,WOL,3,4.5,0.0,0.0,0,0.0,0,0,0,0,0,a
777,Ojinnaka,Wolves,WOL,3,4.5,0.0,0.0,0,0.0,0,0,0,0,0,u
778,Sutherland,Wolves,WOL,3,4.5,0.0,0.0,0,0.0,0,0,0,0,0,a
809,Abbey,Wolves,WOL,3,4.5,0.0,0.0,0,0.0,0,0,0,0,0,a
347,Gudmundsson,Leeds,LEE,2,3.8,-0.7,2.0,59,3.3,2367,0,0,4,8,d
