id,code,team_h,team_h_score,team_a,team_a_score,event,finished,minutes,provisional_start_time,kickoff_time,event_name,is_home,difficulty,player_id
361,2562256,1,,3,,37,False,0,False,2026-05-18T19:00:00Z,Gameweek 37,True,1,1
373,2562267,8,,1,,38,False,0,False,2026-05-24T15:00:00Z,Gameweek 38,False,3,1
361,2562256,1,,3,,37,False,0,False,2026-05-18T19:00:00Z,Gameweek 37,True,1,2
373,2562267,8,,1,,38,False,0,False,2026-05-24T15:00:00Z,Gameweek 38,False,3,2
361,2562256,1,,3,,37,False,0,False,2026-05-18T19:00:00Z,Gameweek 37,True,1,3
373,2562267,8,,1,,38,False,0,False,2026-05-24T15:00:00Z,Gameweek 38,False,3,3
361,2562256,1,,3,,37,False,0,False,2026-05-18T19:00:00Z,Gameweek 37,True,1,4
373,2562267,8,,1,,38,False,0,False,2026-05-24T15:00:00Z,Gameweek 38,False,3,4
361,2562256,1,,3,,37,False,0,False,2026-05-18T19:00:00Z,Gameweek 37,True,1,5
373,2562267,8,,1,,38,False,0,False,2026-05-24T15:00:00Z,Gameweek 38,False,3,5
361,2562256,1,,3,,37,False,0,False,2026-05-18T19:00:00Z,Gameweek 37,True,1,6
373,2562267,8,,1,,38,False,0,False,2026-05-24T15:00:00Z,Gameweek 38,False,3,6
361,2562256,1,,3,,37,False,0,False,2026-05-18T19:00:00Z,Gameweek 37,True,1,7
373,2562267,8,,1,,38,False,0,False,2026-05-24T15:00:00Z,Gameweek 38,False,3,7
361,2562256,1,,3,,37,False,0,False,2026-05-18T19:00:00Z,Gameweek 37,True,1,8
373,2562267,8,,1,,38,False,0,False,2026-05-24T15:00:00Z,Gameweek 38,False,3,8
361,2562256,1,,3,,37,False,0,False,2026-05-18T19:00:00Z,Gameweek 37,True,1,9
373,2562267,8,,1,,38,False,0,False,2026-05-24T15:00:00Z,Gameweek 38,False,3,9
361,2562256,1,,3,,37,False,0,False,2026-05-18T19:00:00Z,Gameweek 37,True,1,10
373,2562267,8,,1,,38,False,0,False,2026-05-24T15:00:00Z,Gameweek 38,False,3,10
361,2562256,1,,3,,37,False,0,False,2026-05-18T19:00:00Z,Gameweek 37,True,1,11
373,2562267,8,,1,,38,False,0,False,2026-05-24T15:00:00Z,Gameweek 38,False,3,11
361,2562256,1,,3,,37,False,0,False,2026-05-18T19:00:00Z,Gameweek 37,True,1,13
373,2562267,8,,1,,38,False,0,False,2026-05-24T15:00:00Z,Gameweek 38,False,3,13
361,2562256,1,,3,,37,False,0,False,2026-05-18T19:00:00Z,Gameweek 37,True,1,14
373,2562267,8,,1,,38,False,0,False,2026-05-24T15:00:00Z,Gameweek 38,False,3,14
361,2562256,1,,3,,37,False,0,False,2026-05-18T19:00:00Z,Gameweek 37,True,1,15
373,2562267,8,,1,,38,False,0,False,2026-05-24T15:00:00Z,Gameweek 38,False,3,15
361,2562256,1,,3,,37,False,0,False,2026-05-18T19:00:00Z,Gameweek 37,True,1,16
373,2562267,8,,1,,38,False,0,False,2026-05-24T15:00:00Z,Gameweek 38,False,3,16
361,2562256,1,,3,,37,False,0,False,2026-05-18T19:00:00Z,Gameweek 37,True,1,17
373,2562267,8,,1,,38,False,0,False,2026-05-24T15:00:00Z,Gameweek 38,False,3,17
361,2562256,1,,3,,37,False,0,False,2026-05-18T19:00:00Z,Gameweek 37,True,1,18
373,2562267,8,,1,,38,False,0,False,2026-05-24T15:00:00Z,Gameweek 38,False,3,18
361,2562256,1,,3,,37,False,0,False,2026-05-18T19:00:00Z,Gameweek 37,True,1,19
373,2562267,8,,1,,38,False,0,False,2026-05-24T15:00:00Z,Gameweek 38,False,3,19
361,2562256,1,,3,,37,False,0,False,2026-05-18T19:00:00Z,Gameweek 37,True,1,20
373,2562267,8,,1,,38,False,0,False,2026-05-24T15:00:00Z,Gameweek 38,False,3,20
361,2562256,1,,3,,37,False,0,False,2026-05-18T19:00:00Z,Gameweek 37,True,1,21
373,2562267,8,,1,,38,False,0,False,2026-05-24T15:00:00Z,Gameweek 38,False,3,21
361,2562256,1,,3,,37,False,0,False,2026-05-18T19:00:00Z,Gameweek 37,True,1,22
373,2562267,8,,1,,38,False,0,False,2026-05-24T15:00:00Z,Gameweek 38,False,3,22
361,2562256,1,,3,,37,False,0,False,2026-05-18T19:00:00Z,Gameweek 37,True,1,23
373,2562267,8,,1,,38,False,0,False,2026-05-24T15:00:00Z,Gameweek 38,False,3,23
361,2562256,1,,3,,37,False,0,False,2026-05-18T19:00:00Z,Gameweek 37,True,1,24
373,2562267,8,,1,,38,False,0,False,2026-05-24T15:00:00Z,Gameweek 38,False,3,24
361,2562256,1,,3,,37,False,0,False,2026-05-18T19:00:00Z,Gameweek 37,True,1,25
373,2562267,8,,1,,38,False,0,False,2026-05-24T15:00:00Z,Gameweek 38,False,3,25
361,2562256,1,,3,,37,False,0,False,2026-05-18T19:00:00Z,Gameweek 37,True,1,26
373,2562267,8,,1,,38,False,0,False,2026-05-24T15:00:00Z,Gameweek 38,False,3,26
361,2562256,1,,3,,37,False,0,False,2026-05-18T19:00:00Z,Gameweek 37,True,1,28
373,2562267,8,,1,,38,False,0,False,2026-05-24T15:00:00Z,Gameweek 38,False,3,28
361,2562256,1,,3,,37,False,0,False,2026-05-18T19:00:00Z,Gameweek 37,True,1,29
373,2562267,8,,1,,38,False,0,False,2026-05-24T15:00:00Z,Gameweek 38,False,3,29
361,2562256,1,,3,,37,False,0,False,2026-05-18T19:00:00Z,Gameweek 37,True,1,30
373,2562267,8,,1,,38,False,0,False,2026-05-24T15:00:00Z,Gameweek 38,False,3,30
361,2562256,1,,3,,37,False,0,False,2026-05-18T19:00:00Z,Gameweek 37,True,1,31
373,2562267,8,,1,,38,False,0,False,2026-05-24T15:00:00Z,Gameweek 38,False,3,31
361,2562256,1,,3,,37,False,0,False,2026-05-18T19:00:00Z,Gameweek 37,True,1,266
373,2562267,8,,1,,38,False,0,False,2026-05-24T15:00:00Z,Gameweek 38,False,3,266
361,2562256,1,,3,,37,False,0,False,2026-05-18T19:00:00Z,Gameweek 37,True,1,662
373,2562267,8,,1,,38,False,0,False,2026-05-24T15:00:00Z,Gameweek 38,False,3,662
361,2562256,1,,3,,37,False,0,False,2026-05-18T19:00:00Z,Gameweek 37,True,1,666
373,2562267,8,,1,,38,False,0,False,2026-05-24T15:00:00Z,Gameweek 38,False,3,666
361,2562256,1,,3,,37,False,0,False,2026-05-18T19:00:00Z,Gameweek 37,True,1,700
373,2562267,8,,1,,38,False,0,False,2026-05-24T15:00:00Z,Gameweek 38,False,3,700
361,2562256,1,,3,,37,False,0,False,2026-05-18T19:00:00Z,Gameweek 37,True,1,711
373,2562267,8,,1,,38,False,0,False,2026-05-24T15:00:00Z,Gameweek 38,False,3,711
361,2562256,1,,3,,37,False,0,False,2026-05-18T19:00:00Z,Gameweek 37,True,1,725
373,2562267,8,,1,,38,False,0,False,2026-05-24T15:00:00Z,Gameweek 38,False,3,725
361,2562256,1,,3,,37,False,0,False,2026-05-18T19:00:00Z,Gameweek 37,True,1,759
373,2562267,8,,1,,38,False,0,False,2026-05-24T15:00:00Z,Gameweek 38,False,3,759
376,2562270,13,,2,,38,False,0,False,2026-05-24T15:00:00Z,Gameweek 38,False,5,32
376,2562270,13,,2,,38,False,0,False,2026-05-24T15:00:00Z,Gameweek 38,False,5,33
376,2562270,13,,2,,38,False,0,False,2026-05-24T15:00:00Z,Gameweek 38,False,5,34
376,2562270,13,,2,,38,False,0,False,2026-05-24T15:00:00Z,Gameweek 38,False,5,35
376,2562270,13,,2,,38,False,0,False,2026-05-24T15:00:00Z,Gameweek 38,False,5,36
376,2562270,13,,2,,38,False,0,False,2026-05-24T15:00:00Z,Gameweek 38,False,5,37
376,2562270,13,,2,,38,False,0,False,2026-05-24T15:00:00Z,Gameweek 38,False,5,38
376,2562270,13,,2,,38,False,0,False,2026-05-24T15:00:00Z,Gameweek 38,False,5,39
376,2562270,13,,2,,38,False,0,False,2026-05-24T15:00:00Z,Gameweek 38,False,5,40
376,2562270,13,,2,,38,False,0,False,2026-05-24T15:00:00Z,Gameweek 38,False,5,41
376,2562270,13,,2,,38,False,0,False,2026-05-24T15:00:00Z,Gameweek 38,False,5,42
376,2562270,13,,2,,38,False,0,False,2026-05-24T15:00:00Z,Gameweek 38,False,5,43
376,2562270,13,,2,,38,False,0,False,2026-05-24T15:00:00Z,Gameweek 38,False,5,44
376,2562270,13,,2,,38,False,0,False,2026-05-24T15:00:00Z,Gameweek 38,False,5,45
376,2562270,13,,2,,38,False,0,False,2026-05-24T15:00:00Z,Gameweek 38,False,5,46
376,2562270,13,,2,,38,False,0,False,2026-05-24T15:00:00Z,Gameweek 38,False,5,47
376,2562270,13,,2,,38,False,0,False,2026-05-24T15:00:00Z,Gameweek 38,False,5,48
376,2562270,13,,2,,38,False,0,False,2026-05-24T15:00:00Z,Gameweek 38,False,5,49
376,2562270,13,,2,,38,False,0,False,2026-05-24T15:00:00Z,Gameweek 38,False,5,50
376,2562270,13,,2,,38,False,0,False,2026-05-24T15:00:00Z,Gameweek 38,False,5,51
376,2562270,13,,2,,38,False,0,False,2026-05-24T15:00:00Z,Gameweek 38,False,5,53
376,2562270,13,,2,,38,False,0,False,2026-05-24T15:00:00Z,Gameweek 38,False,5,54
376,2562270,13,,2,,38,False,0,False,2026-05-24T15:00:00Z,Gameweek 38,False,5,55
376,2562270,13,,2,,38,False,0,False,2026-05-24T15:00:00Z,Gameweek 38,False,5,56
376,2562270,13,,2,,38,False,0,False,2026-05-24T15:00:00Z,Gameweek 38,False,5,57
376,2562270,13,,2,,38,False,0,False,2026-05-24T15:00:00Z,Gameweek 38,False,5,58
376,2562270,13,,2,,38,False,0,False,2026-05-24T15:00:00Z,Gameweek 38,False,5,59
376,2562270,13,,2,,38,False,0,False,2026-05-24T15:00:00Z,Gameweek 38,False,5,60
376,2562270,13,,2,,38,False,0,False,2026-05-24T15:00:00Z,Gameweek 38,False,5,61
376,2562270,13,,2,,38,False,0,False,2026-05-24T15:00:00Z,Gameweek 38,False,5,62
376,2562270,13,,2,,38,False,0,False,2026-05-24T15:00:00Z,Gameweek 38,False,5,63
376,2562270,13,,2,,38,False,0,False,2026-05-24T15:00:00Z,Gameweek 38,False,5,64
376,2562270,13,,2,,38,False,0,False,2026-05-24T15:00:00Z,Gameweek 38,False,5,65
376,2562270,13,,2,,38,False,0,False,2026-05-24T15:00:00Z,Gameweek 38,False,5,389
376,2562270,13,,2,,38,False,0,False,2026-05-24T15:00:00Z,Gameweek 38,False,5,456
376,2562270,13,,2,,38,False,0,False,2026-05-24T15:00:00Z,Gameweek 38,False,5,688
376,2562270,13,,2,,38,False,0,False,2026-05-24T15:00:00Z,Gameweek 38,False,5,699
376,2562270,13,,2,,38,False,0,False,2026-05-24T15:00:00Z,Gameweek 38,False,5,701
376,2562270,13,,2,,38,False,0,False,2026-05-24T15:00:00Z,Gameweek 38,False,5,702
376,2562270,13,,2,,38,False,0,False,2026-05-24T15:00:00Z,Gameweek 38,False,5,703
376,2562270,13,,2,,38,False,0,False,2026-05-24T15:00:00Z,Gameweek 38,False,5,710
376,2562270,13,,2,,38,False,0,False,2026-05-24T15:00:00Z,Gameweek 38,False,5,719
376,2562270,13,,2,,38,False,0,False,2026-05-24T15:00:00Z,Gameweek 38,False,5,754
376,2562270,13,,2,,38,False,0,False,2026-05-24T15:00:00Z,Gameweek 38,False,5,757
376,2562270,13,,2,,38,False,0,False,2026-05-24T15:00:00Z,Gameweek 38,False,5,768
376,2562270,13,,2,,38,False,0,False,2026-05-24T15:00:00Z,Gameweek 38,False,5,781
376,2562270,13,,2,,38,False,0,False,2026-05-24T15:00:00Z,Gameweek 38,False,5,792
376,2562270,13,,2,,38,False,0,False,2026-05-24T15:00:00Z,Gameweek 38,False,5,808
361,2562256,1,,3,,37,False,0,False,2026-05-18T19:00:00Z,Gameweek 37,False,5,183
372,2562266,3,,20,,38,False,0,False,2026-05-24T15:00:00Z,Gameweek 38,True,1,183
361,2562256,1,,3,,37,False,0,False,2026-05-18T19:00:00Z,Gameweek 37,False,5,184
372,2562266,3,,20,,38,False,0,False,2026-05-24T15:00:00Z,Gameweek 38,True,1,184
361,2562256,1,,3,,37,False,0,False,2026-05-18T19:00:00Z,Gameweek 37,False,5,185
372,2562266,3,,20,,38,False,0,False,2026-05-24T15:00:00Z,Gameweek 38,True,1,185
361,2562256,1,,3,,37,False,0,False,2026-05-18T19:00:00Z,Gameweek 37,False,5,186
372,2562266,3,,20,,38,False,0,False,2026-05-24T15:00:00Z,Gameweek 38,True,1,186
361,2562256,1,,3,,37,False,0,False,2026-05-18T19:00:00Z,Gameweek 37,False,5,187
372,2562266,3,,20,,38,False,0,False,2026-05-24T15:00:00Z,Gameweek 38,True,1,187
361,2562256,1,,3,,37,False,0,False,2026-05-18T19:00:00Z,Gameweek 37,False,5,188
372,2562266,3,,20,,38,False,0,False,2026-05-24T15:00:00Z,Gameweek 38,True,1,188
361,2562256,1,,3,,37,False,0,False,2026-05-18T19:00:00Z,Gameweek 37,False,5,189
372,2562266,3,,20,,38,False,0,False,2026-05-24T15:00:00Z,Gameweek 38,True,1,189
361,2562256,1,,3,,37,False,0,False,2026-05-18T19:00:00Z,Gameweek 37,False,5,190
372,2562266,3,,20,,38,False,0,False,2026-05-24T15:00:00Z,Gameweek 38,True,1,190
361,2562256,1,,3,,37,False,0,False,2026-05-18T19:00:00Z,Gameweek 37,False,5,191
372,2562266,3,,20,,38,False,0,False,2026-05-24T15:00:00Z,Gameweek 38,True,1,191
361,2562256,1,,3,,37,False,0,False,2026-05-18T19:00:00Z,Gameweek 37,False,5,192
372,2562266,3,,20,,38,False,0,False,2026-05-24T15:00:00Z,Gameweek 38,True,1,192
361,2562256,1,,3,,37,False,0,False,2026-05-18T19:00:00Z,Gameweek 37,False,5,193
372,2562266,3,,20,,38,False,0,False,2026-05-24T15:00:00Z,Gameweek 38,True,1,193
361,2562256,1,,3,,37,False,0,False,2026-05-18T19:00:00Z,Gameweek 37,False,5,194
372,2562266,3,,20,,38,False,0,False,2026-05-24T15:00:00Z,Gameweek 38,True,1,194
361,2562256,1,,3,,37,False,0,False,2026-05-18T19:00:00Z,Gameweek 37,False,5,195
372,2562266,3,,20,,38,False,0,False,2026-05-24T15:00:00Z,Gameweek 38,True,1,195
361,2562256,1,,3,,37,False,0,False,2026-05-18T19:00:00Z,Gameweek 37,False,5,196
372,2562266,3,,20,,38,False,0,False,2026-05-24T15:00:00Z,Gameweek 38,True,1,196
361,2562256,1,,3,,37,False,0,False,2026-05-18T19:00:00Z,Gameweek 37,False,5,197
372,2562266,3,,20,,38,False,0,False,2026-05-24T15:00:00Z,Gameweek 38,True,1,197
361,2562256,1,,3,,37,False,0,False,2026-05-18T19:00:00Z,Gameweek 37,False,5,198
372,2562266,3,,20,,38,False,0,False,2026-05-24T15:00:00Z,Gameweek 38,True,1,198
361,2562256,1,,3,,37,False,0,False,2026-05-18T19:00:00Z,Gameweek 37,False,5,199
372,2562266,3,,20,,38,False,0,False,2026-05-24T15:00:00Z,Gameweek 38,True,1,199
361,2562256,1,,3,,37,False,0,False,2026-05-18T19:00:00Z,Gameweek 37,False,5,200
372,2562266,3,,20,,38,False,0,False,2026-05-24T15:00:00Z,Gameweek 38,True,1,200
361,2562256,1,,3,,37,False,0,False,2026-05-18T19:00:00Z,Gameweek 37,False,5,201
372,2562266,3,,20,,38,False,0,False,2026-05-24T15:00:00Z,Gameweek 38,True,1,201
361,2562256,1,,3,,37,False,0,False,2026-05-18T19:00:00Z,Gameweek 37,False,5,202
372,2562266,3,,20,,38,False,0,False,2026-05-24T15:00:00Z,Gameweek 38,True,1,202
361,2562256,1,,3,,37,False,0,False,2026-05-18T19:00:00Z,Gameweek 37,False,5,203
372,2562266,3,,20,,38,False,0,False,2026-05-24T15:00:00Z,Gameweek 38,True,1,203
361,2562256,1,,3,,37,False,0,False,2026-05-18T19:00:00Z,Gameweek 37,False,5,204
372,2562266,3,,20,,38,False,0,False,2026-05-24T15:00:00Z,Gameweek 38,True,1,204
361,2562256,1,,3,,37,False,0,False,2026-05-18T19:00:00Z,Gameweek 37,False,5,205
372,2562266,3,,20,,38,False,0,False,2026-05-24T15:00:00Z,Gameweek 38,True,1,205
361,2562256,1,,3,,37,False,0,False,2026-05-18T19:00:00Z,Gameweek 37,False,5,206
372,2562266,3,,20,,38,False,0,False,2026-05-24T15:00:00Z,Gameweek 38,True,1,206
361,2562256,1,,3,,37,False,0,False,2026-05-18T19:00:00Z,Gameweek 37,False,5,207
372,2562266,3,,20,,38,False,0,False,2026-05-24T15:00:00Z,Gameweek 38,True,1,207
361,2562256,1,,3,,37,False,0,False,2026-05-18T19:00:00Z,Gameweek 37,False,5,208
372,2562266,3,,20,,38,False,0,False,2026-05-24T15:00:00Z,Gameweek 38,True,1,208
361,2562256,1,,3,,37,False,0,False,2026-05-18T19:00:00Z,Gameweek 37,False,5,209
372,2562266,3,,20,,38,False,0,False,2026-05-24T15:00:00Z,Gameweek 38,True,1,209
361,2562256,1,,3,,37,False,0,False,2026-05-18T19:00:00Z,Gameweek 37,False,5,210
372,2562266,3,,20,,38,False,0,False,2026-05-24T15:00:00Z,Gameweek 38,True,1,210
361,2562256,1,,3,,37,False,0,False,2026-05-18T19:00:00Z,Gameweek 37,False,5,211
372,2562266,3,,20,,38,False,0,False,2026-05-24T15:00:00Z,Gameweek 38,True,1,211
361,2562256,1,,3,,37,False,0,False,2026-05-18T19:00:00Z,Gameweek 37,False,5,212
372,2562266,3,,20,,38,False,0,False,2026-05-24T15:00:00Z,Gameweek 38,True,1,212
361,2562256,1,,3,,37,False,0,False,2026-05-18T19:00:00Z,Gameweek 37,False,5,213
372,2562266,3,,20,,38,False,0,False,2026-05-24T15:00:00Z,Gameweek 38,True,1,213
361,2562256,1,,3,,37,False,0,False,2026-05-18T19:00:00Z,Gameweek 37,False,5,214
372,2562266,3,,20,,38,False,0,False,2026-05-24T15:00:00Z,Gameweek 38,True,1,214
361,2562256,1,,3,,37,False,0,False,2026-05-18T19:00:00Z,Gameweek 37,False,5,215
372,2562266,3,,20,,38,False,0,False,2026-05-24T15:00:00Z,Gameweek 38,True,1,215
361,2562256,1,,3,,37,False,0,False,2026-05-18T19:00:00Z,Gameweek 37,False,5,216
372,2562266,3,,20,,38,False,0,False,2026-05-24T15:00:00Z,Gameweek 38,True,1,216
361,2562256,1,,3,,37,False,0,False,2026-05-18T19:00:00Z,Gameweek 37,False,5,217
372,2562266,3,,20,,38,False,0,False,2026-05-24T15:00:00Z,Gameweek 38,True,1,217
361,2562256,1,,3,,37,False,0,False,2026-05-18T19:00:00Z,Gameweek 37,False,5,218
372,2562266,3,,20,,38,False,0,False,2026-05-24T15:00:00Z,Gameweek 38,True,1,218
361,2562256,1,,3,,37,False,0,False,2026-05-18T19:00:00Z,Gameweek 37,False,5,219
372,2562266,3,,20,,38,False,0,False,2026-05-24T15:00:00Z,Gameweek 38,True,1,219
361,2562256,1,,3,,37,False,0,False,2026-05-18T19:00:00Z,Gameweek 37,False,5,470
372,2562266,3,,20,,38,False,0,False,2026-05-24T15:00:00Z,Gameweek 38,True,1,470
361,2562256,1,,3,,37,False,0,False,2026-05-18T19:00:00Z,Gameweek 37,False,5,614
372,2562266,3,,20,,38,False,0,False,2026-05-24T15:00:00Z,Gameweek 38,True,1,614
361,2562256,1,,3,,37,False,0,False,2026-05-18T19:00:00Z,Gameweek 37,False,5,676
372,2562266,3,,20,,38,False,0,False,2026-05-24T15:00:00Z,Gameweek 38,True,1,676
361,2562256,1,,3,,37,False,0,False,2026-05-18T19:00:00Z,Gameweek 37,False,5,680
372,2562266,3,,20,,38,False,0,False,2026-05-24T15:00:00Z,Gameweek 38,True,1,680
361,2562256,1,,3,,37,False,0,False,2026-05-18T19:00:00Z,Gameweek 37,False,5,722
372,2562266,3,,20,,38,False,0,False,2026-05-24T15:00:00Z,Gameweek 38,True,1,722
361,2562256,1,,3,,37,False,0,False,2026-05-18T19:00:00Z,Gameweek 37,False,5,776
372,2562266,3,,20,,38,False,0,False,2026-05-24T15:00:00Z,Gameweek 38,True,1,776
361,2562256,1,,3,,37,False,0,False,2026-05-18T19:00:00Z,Gameweek 37,False,5,784
372,2562266,3,,20,,38,False,0,False,2026-05-24T15:00:00Z,Gameweek 38,True,1,784
361,2562256,1,,3,,37,False,0,False,2026-05-18T19:00:00Z,Gameweek 37,False,5,820
372,2562266,3,,20,,38,False,0,False,2026-05-24T15:00:00Z,Gameweek 38,True,1,820
363,2562255,4,,13,,37,False,0,False,2026-05-19T18:30:00Z,Gameweek 37,True,4,66
377,2562271,16,,4,,38,False,0,False,2026-05-24T15:00:00Z,Gameweek 38,False,3,66
363,2562255,4,,13,,37,False,0,False,2026-05-19T18:30:00Z,Gameweek 37,True,4,67
377,2562271,16,,4,,38,False,0,False,2026-05-24T15:00:00Z,Gameweek 38,False,3,67
363,2562255,4,,13,,37,False,0,False,2026-05-19T18:30:00Z,Gameweek 37,True,4,68
377,2562271,16,,4,,38,False,0,False,2026-05-24T15:00:00Z,Gameweek 38,False,3,68
363,2562255,4,,13,,37,False,0,False,2026-05-19T18:30:00Z,Gameweek 37,True,4,69
377,2562271,16,,4,,38,False,0,False,2026-05-24T15:00:00Z,Gameweek 38,False,3,69
363,2562255,4,,13,,37,False,0,False,2026-05-19T18:30:00Z,Gameweek 37,True,4,70
377,2562271,16,,4,,38,False,0,False,2026-05-24T15:00:00Z,Gameweek 38,False,3,70
363,2562255,4,,13,,37,False,0,False,2026-05-19T18:30:00Z,Gameweek 37,True,4,71
377,2562271,16,,4,,38,False,0,False,2026-05-24T15:00:00Z,Gameweek 38,False,3,71
363,2562255,4,,13,,37,False,0,False,2026-05-19T18:30:00Z,Gameweek 37,True,4,72
377,2562271,16,,4,,38,False,0,False,2026-05-24T15:00:00Z,Gameweek 38,False,3,72
363,2562255,4,,13,,37,False,0,False,2026-05-19T18:30:00Z,Gameweek 37,True,4,73
377,2562271,16,,4,,38,False,0,False,2026-05-24T15:00:00Z,Gameweek 38,False,3,73
363,2562255,4,,13,,37,False,0,False,2026-05-19T18:30:00Z,Gameweek 37,True,4,74
377,2562271,16,,4,,38,False,0,False,2026-05-24T15:00:00Z,Gameweek 38,False,3,74
363,2562255,4,,13,,37,False,0,False,2026-05-19T18:30:00Z,Gameweek 37,True,4,75
377,2562271,16,,4,,38,False,0,False,2026-05-24T15:00:00Z,Gameweek 38,False,3,75
363,2562255,4,,13,,37,False,0,False,2026-05-19T18:30:00Z,Gameweek 37,True,4,76
377,2562271,16,,4,,38,False,0,False,2026-05-24T15:00:00Z,Gameweek 38,False,3,76
363,2562255,4,,13,,37,False,0,False,2026-05-19T18:30:00Z,Gameweek 37,True,4,77
377,2562271,16,,4,,38,False,0,False,2026-05-24T15:00:00Z,Gameweek 38,False,3,77
363,2562255,4,,13,,37,False,0,False,2026-05-19T18:30:00Z,Gameweek 37,True,4,78
377,2562271,16,,4,,38,False,0,False,2026-05-24T15:00:00Z,Gameweek 38,False,3,78
363,2562255,4,,13,,37,False,0,False,2026-05-19T18:30:00Z,Gameweek 37,True,4,79
377,2562271,16,,4,,38,False,0,False,2026-05-24T15:00:00Z,Gameweek 38,False,3,79
363,2562255,4,,13,,37,False,0,False,2026-05-19T18:30:00Z,Gameweek 37,True,4,80
377,2562271,16,,4,,38,False,0,False,2026-05-24T15:00:00Z,Gameweek 38,False,3,80
363,2562255,4,,13,,37,False,0,False,2026-05-19T18:30:00Z,Gameweek 37,True,4,81
377,2562271,16,,4,,38,False,0,False,2026-05-24T15:00:00Z,Gameweek 38,False,3,81
363,2562255,4,,13,,37,False,0,False,2026-05-19T18:30:00Z,Gameweek 37,True,4,84
377,2562271,16,,4,,38,False,0,False,2026-05-24T15:00:00Z,Gameweek 38,False,3,84
363,2562255,4,,13,,37,False,0,False,2026-05-19T18:30:00Z,Gameweek 37,True,4,85
377,2562271,16,,4,,38,False,0,False,2026-05-24T15:00:00Z,Gameweek 38,False,3,85
363,2562255,4,,13,,37,False,0,False,2026-05-19T18:30:00Z,Gameweek 37,True,4,86
377,2562271,16,,4,,38,False,0,False,2026-05-24T15:00:00Z,Gameweek 38,False,3,86
363,2562255,4,,13,,37,False,0,False,2026-05-19T18:30:00Z,Gameweek 37,True,4,87
377,2562271,16,,4,,38,False,0,False,2026-05-24T15:00:00Z,Gameweek 38,False,3,87
363,2562255,4,,13,,37,False,0,False,2026-05-19T18:30:00Z,Gameweek 37,True,4,88
377,2562271,16,,4,,38,False,0,False,2026-05-24T15:00:00Z,Gameweek 38,False,3,88
363,2562255,4,,13,,37,False,0,False,2026-05-19T18:30:00Z,Gameweek 37,True,4,89
377,2562271,16,,4,,38,False,0,False,2026-05-24T15:00:00Z,Gameweek 38,False,3,89
363,2562255,4,,13,,37,False,0,False,2026-05-19T18:30:00Z,Gameweek 37,True,4,90
377,2562271,16,,4,,38,False,0,False,2026-05-24T15:00:00Z,Gameweek 38,False,3,90
363,2562255,4,,13,,37,False,0,False,2026-05-19T18:30:00Z,Gameweek 37,True,4,91
377,2562271,16,,4,,38,False,0,False,2026-05-24T15:00:00Z,Gameweek 38,False,3,91
363,2562255,4,,13,,37,False,0,False,2026-05-19T18:30:00Z,Gameweek 37,True,4,92
377,2562271,16,,4,,38,False,0,False,2026-05-24T15:00:00Z,Gameweek 38,False,3,92
363,2562255,4,,13,,37,False,0,False,2026-05-19T18:30:00Z,Gameweek 37,True,4,93
377,2562271,16,,4,,38,False,0,False,2026-05-24T15:00:00Z,Gameweek 38,False,3,93
363,2562255,4,,13,,37,False,0,False,2026-05-19T18:30:00Z,Gameweek 37,True,4,94
377,2562271,16,,4,,38,False,0,False,2026-05-24T15:00:00Z,Gameweek 38,False,3,94
363,2562255,4,,13,,37,False,0,False,2026-05-19T18:30:00Z,Gameweek 37,True,4,95
377,2562271,16,,4,,38,False,0,False,2026-05-24T15:00:00Z,Gameweek 38,False,3,95
363,2562255,4,,13,,37,False,0,False,2026-05-19T18:30:00Z,Gameweek 37,True,4,96
377,2562271,16,,4,,38,False,0,False,2026-05-24T15:00:00Z,Gameweek 38,False,3,96
363,2562255,4,,13,,37,False,0,False,2026-05-19T18:30:00Z,Gameweek 37,True,4,97
377,2562271,16,,4,,38,False,0,False,2026-05-24T15:00:00Z,Gameweek 38,False,3,97
363,2562255,4,,13,,37,False,0,False,2026-05-19T18:30:00Z,Gameweek 37,True,4,98
377,2562271,16,,4,,38,False,0,False,2026-05-24T15:00:00Z,Gameweek 38,False,3,98
363,2562255,4,,13,,37,False,0,False,2026-05-19T18:30:00Z,Gameweek 37,True,4,99
377,2562271,16,,4,,38,False,0,False,2026-05-24T15:00:00Z,Gameweek 38,False,3,99
363,2562255,4,,13,,37,False,0,False,2026-05-19T18:30:00Z,Gameweek 37,True,4,100
377,2562271,16,,4,,38,False,0,False,2026-05-24T15:00:00Z,Gameweek 38,False,3,100
363,2562255,4,,13,,37,False,0,False,2026-05-19T18:30:00Z,Gameweek 37,True,4,391
377,2562271,16,,4,,38,False,0,False,2026-05-24T15:00:00Z,Gameweek 38,False,3,391
363,2562255,4,,13,,37,False,0,False,2026-05-19T18:30:00Z,Gameweek 37,True,4,685
377,2562271,16,,4,,38,False,0,False,2026-05-24T15:00:00Z,Gameweek 38,False,3,685
363,2562255,4,,13,,37,False,0,False,2026-05-19T18:30:00Z,Gameweek 37,True,4,687
377,2562271,16,,4,,38,False,0,False,2026-05-24T15:00:00Z,Gameweek 38,False,3,687
363,2562255,4,,13,,37,False,0,False,2026-05-19T18:30:00Z,Gameweek 37,True,4,697
377,2562271,16,,4,,38,False,0,False,2026-05-24T15:00:00Z,Gameweek 38,False,3,697
363,2562255,4,,13,,37,False,0,False,2026-05-19T18:30:00Z,Gameweek 37,True,4,713
377,2562271,16,,4,,38,False,0,False,2026-05-24T15:00:00Z,Gameweek 38,False,3,713
363,2562255,4,,13,,37,False,0,False,2026-05-19T18:30:00Z,Gameweek 37,True,4,721
377,2562271,16,,4,,38,False,0,False,2026-05-24T15:00:00Z,Gameweek 38,False,3,721
363,2562255,4,,13,,37,False,0,False,2026-05-19T18:30:00Z,Gameweek 37,True,4,756
377,2562271,16,,4,,38,False,0,False,2026-05-24T15:00:00Z,Gameweek 38,False,3,756
363,2562255,4,,13,,37,False,0,False,2026-05-19T18:30:00Z,Gameweek 37,True,4,782
377,2562271,16,,4,,38,False,0,False,2026-05-24T15:00:00Z,Gameweek 38,False,3,782
363,2562255,4,,13,,37,False,0,False,2026-05-19T18:30:00Z,Gameweek 37,True,4,799
377,2562271,16,,4,,38,False,0,False,2026-05-24T15:00:00Z,Gameweek 38,False,3,799
363,2562255,4,,13,,37,False,0,False,2026-05-19T18:30:00Z,Gameweek 37,True,4,801
377,2562271,16,,4,,38,False,0,False,2026-05-24T15:00:00Z,Gameweek 38,False,3,801
363,2562255,4,,13,,37,False,0,False,2026-05-19T18:30:00Z,Gameweek 37,True,4,806
377,2562271,16,,4,,38,False,0,False,2026-05-24T15:00:00Z,Gameweek 38,False,3,806
363,2562255,4,,13,,37,False,0,False,2026-05-19T18:30:00Z,Gameweek 37,True,4,807
377,2562271,16,,4,,38,False,0,False,2026-05-24T15:00:00Z,Gameweek 38,False,3,807
375,2562269,12,,5,,38,False,0,False,2026-05-24T15:00:00Z,Gameweek 38,False,4,27
375,2562269,12,,5,,38,False,0,False,2026-05-24T15:00:00Z,Gameweek 38,False,4,83
375,2562269,12,,5,,38,False,0,False,2026-05-24T15:00:00Z,Gameweek 38,False,4,101
375,2562269,12,,5,,38,False,0,False,2026-05-24T15:00:00Z,Gameweek 38,False,4,102
375,2562269,12,,5,,38,False,0,False,2026-05-24T15:00:00Z,Gameweek 38,False,4,103
375,2562269,12,,5,,38,False,0,False,2026-05-24T15:00:00Z,Gameweek 38,False,4,104
375,2562269,12,,5,,38,False,0,False,2026-05-24T15:00:00Z,Gameweek 38,False,4,105
375,2562269,12,,5,,38,False,0,False,2026-05-24T15:00:00Z,Gameweek 38,False,4,106
375,2562269,12,,5,,38,False,0,False,2026-05-24T15:00:00Z,Gameweek 38,False,4,107
375,2562269,12,,5,,38,False,0,False,2026-05-24T15:00:00Z,Gameweek 38,False,4,108
375,2562269,12,,5,,38,False,0,False,2026-05-24T15:00:00Z,Gameweek 38,False,4,109
375,2562269,12,,5,,38,False,0,False,2026-05-24T15:00:00Z,Gameweek 38,False,4,110
375,2562269,12,,5,,38,False,0,False,2026-05-24T15:00:00Z,Gameweek 38,False,4,111
375,2562269,12,,5,,38,False,0,False,2026-05-24T15:00:00Z,Gameweek 38,False,4,112
375,2562269,12,,5,,38,False,0,False,2026-05-24T15:00:00Z,Gameweek 38,False,4,113
375,2562269,12,,5,,38,False,0,False,2026-05-24T15:00:00Z,Gameweek 38,False,4,114
375,2562269,12,,5,,38,False,0,False,2026-05-24T15:00:00Z,Gameweek 38,False,4,115
375,2562269,12,,5,,38,False,0,False,2026-05-24T15:00:00Z,Gameweek 38,False,4,116
375,2562269,12,,5,,38,False,0,False,2026-05-24T15:00:00Z,Gameweek 38,False,4,117
375,2562269,12,,5,,38,False,0,False,2026-05-24T15:00:00Z,Gameweek 38,False,4,118
375,2562269,12,,5,,38,False,0,False,2026-05-24T15:00:00Z,Gameweek 38,False,4,120
375,2562269,12,,5,,38,False,0,False,2026-05-24T15:00:00Z,Gameweek 38,False,4,121
375,2562269,12,,5,,38,False,0,False,2026-05-24T15:00:00Z,Gameweek 38,False,4,122
375,2562269,12,,5,,38,False,0,False,2026-05-24T15:00:00Z,Gameweek 38,False,4,123
375,2562269,12,,5,,38,False,0,False,2026-05-24T15:00:00Z,Gameweek 38,False,4,124
375,2562269,12,,5,,38,False,0,False,2026-05-24T15:00:00Z,Gameweek 38,False,4,125
375,2562269,12,,5,,38,False,0,False,2026-05-24T15:00:00Z,Gameweek 38,False,4,126
375,2562269,12,,5,,38,False,0,False,2026-05-24T15:00:00Z,Gameweek 38,False,4,127
375,2562269,12,,5,,38,False,0,False,2026-05-24T15:00:00Z,Gameweek 38,False,4,128
375,2562269,12,,5,,38,False,0,False,2026-05-24T15:00:00Z,Gameweek 38,False,4,129
375,2562269,12,,5,,38,False,0,False,2026-05-24T15:00:00Z,Gameweek 38,False,4,130
375,2562269,12,,5,,38,False,0,False,2026-05-24T15:00:00Z,Gameweek 38,False,4,131
375,2562269,12,,5,,38,False,0,False,2026-05-24T15:00:00Z,Gameweek 38,False,4,132
375,2562269,12,,5,,38,False,0,False,2026-05-24T15:00:00Z,Gameweek 38,False,4,133
375,2562269,12,,5,,38,False,0,False,2026-05-24T15:00:00Z,Gameweek 38,False,4,134
375,2562269,12,,5,,38,False,0,False,2026-05-24T15:00:00Z,Gameweek 38,False,4,136
375,2562269,12,,5,,38,False,0,False,2026-05-24T15:00:00Z,Gameweek 38,False,4,137
375,2562269,12,,5,,38,False,0,False,2026-05-24T15:00:00Z,Gameweek 38,False,4,748
375,2562269,12,,5,,38,False,0,False,2026-05-24T15:00:00Z,Gameweek 38,False,4,797
375,2562269,12,,5,,38,False,0,False,2026-05-24T15:00:00Z,Gameweek 38,False,4,810
375,2562269,12,,5,,38,False,0,False,2026-05-24T15:00:00Z,Gameweek 38,False,4,819
375,2562269,12,,5,,38,False,0,False,2026-05-24T15:00:00Z,Gameweek 38,False,4,823
375,2562269,12,,5,,38,False,0,False,2026-05-24T15:00:00Z,Gameweek 38,False,4,824
375,2562269,12,,5,,38,False,0,False,2026-05-24T15:00:00Z,Gameweek 38,False,4,826
371,2562265,6,,14,,38,False,0,False,2026-05-24T15:00:00Z,Gameweek 38,True,3,138
371,2562265,6,,14,,38,False,0,False,2026-05-24T15:00:00Z,Gameweek 38,True,3,139
371,2562265,6,,14,,38,False,0,False,2026-05-24T15:00:00Z,Gameweek 38,True,3,140
371,2562265,6,,14,,38,False,0,False,2026-05-24T15:00:00Z,Gameweek 38,True,3,141
371,2562265,6,,14,,38,False,0,False,2026-05-24T15:00:00Z,Gameweek 38,True,3,142
371,2562265,6,,14,,38,False,0,False,2026-05-24T15:00:00Z,Gameweek 38,True,3,143
371,2562265,6,,14,,38,False,0,False,2026-05-24T15:00:00Z,Gameweek 38,True,3,144
371,2562265,6,,14,,38,False,0,False,2026-05-24T15:00:00Z,Gameweek 38,True,3,145
371,2562265,6,,14,,38,False,0,False,2026-05-24T15:00:00Z,Gameweek 38,True,3,146
371,2562265,6,,14,,38,False,0,False,2026-05-24T15:00:00Z,Gameweek 38,True,3,147
371,2562265,6,,14,,38,False,0,False,2026-05-24T15:00:00Z,Gameweek 38,True,3,148
371,2562265,6,,14,,38,False,0,False,2026-05-24T15:00:00Z,Gameweek 38,True,3,149
371,2562265,6,,14,,38,False,0,False,2026-05-24T15:00:00Z,Gameweek 38,True,3,150
371,2562265,6,,14,,38,False,0,False,2026-05-24T15:00:00Z,Gameweek 38,True,3,151
371,2562265,6,,14,,38,False,0,False,2026-05-24T15:00:00Z,Gameweek 38,True,3,152
371,2562265,6,,14,,38,False,0,False,2026-05-24T15:00:00Z,Gameweek 38,True,3,153
371,2562265,6,,14,,38,False,0,False,2026-05-24T15:00:00Z,Gameweek 38,True,3,154
371,2562265,6,,14,,38,False,0,False,2026-05-24T15:00:00Z,Gameweek 38,True,3,155
371,2562265,6,,14,,38,False,0,False,2026-05-24T15:00:00Z,Gameweek 38,True,3,156
371,2562265,6,,14,,38,False,0,False,2026-05-24T15:00:00Z,Gameweek 38,True,3,157
371,2562265,6,,14,,38,False,0,False,2026-05-24T15:00:00Z,Gameweek 38,True,3,158
371,2562265,6,,14,,38,False,0,False,2026-05-24T15:00:00Z,Gameweek 38,True,3,159
371,2562265,6,,14,,38,False,0,False,2026-05-24T15:00:00Z,Gameweek 38,True,3,160
371,2562265,6,,14,,38,False,0,False,2026-05-24T15:00:00Z,Gameweek 38,True,3,161
371,2562265,6,,14,,38,False,0,False,2026-05-24T15:00:00Z,Gameweek 38,True,3,162
371,2562265,6,,14,,38,False,0,False,2026-05-24T15:00:00Z,Gameweek 38,True,3,163
371,2562265,6,,14,,38,False,0,False,2026-05-24T15:00:00Z,Gameweek 38,True,3,164
371,2562265,6,,14,,38,False,0,False,2026-05-24T15:00:00Z,Gameweek 38,True,3,165
371,2562265,6,,14,,38,False,0,False,2026-05-24T15:00:00Z,Gameweek 38,True,3,166
371,2562265,6,,14,,38,False,0,False,2026-05-24T15:00:00Z,Gameweek 38,True,3,167
371,2562265,6,,14,,38,False,0,False,2026-05-24T15:00:00Z,Gameweek 38,True,3,169
371,2562265,6,,14,,38,False,0,False,2026-05-24T15:00:00Z,Gameweek 38,True,3,170
371,2562265,6,,14,,38,False,0,False,2026-05-24T15:00:00Z,Gameweek 38,True,3,171
371,2562265,6,,14,,38,False,0,False,2026-05-24T15:00:00Z,Gameweek 38,True,3,172
371,2562265,6,,14,,38,False,0,False,2026-05-24T15:00:00Z,Gameweek 38,True,3,173
371,2562265,6,,14,,38,False,0,False,2026-05-24T15:00:00Z,Gameweek 38,True,3,174
371,2562265,6,,14,,38,False,0,False,2026-05-24T15:00:00Z,Gameweek 38,True,3,175
371,2562265,6,,14,,38,False,0,False,2026-05-24T15:00:00Z,Gameweek 38,True,3,176
371,2562265,6,,14,,38,False,0,False,2026-05-24T15:00:00Z,Gameweek 38,True,3,177
371,2562265,6,,14,,38,False,0,False,2026-05-24T15:00:00Z,Gameweek 38,True,3,178
371,2562265,6,,14,,38,False,0,False,2026-05-24T15:00:00Z,Gameweek 38,True,3,179
371,2562265,6,,14,,38,False,0,False,2026-05-24T15:00:00Z,Gameweek 38,True,3,180
371,2562265,6,,14,,38,False,0,False,2026-05-24T15:00:00Z,Gameweek 38,True,3,181
371,2562265,6,,14,,38,False,0,False,2026-05-24T15:00:00Z,Gameweek 38,True,3,744
371,2562265,6,,14,,38,False,0,False,2026-05-24T15:00:00Z,Gameweek 38,True,3,761
371,2562265,6,,14,,38,False,0,False,2026-05-24T15:00:00Z,Gameweek 38,True,3,783
371,2562265,6,,14,,38,False,0,False,2026-05-24T15:00:00Z,Gameweek 38,True,3,795
365,2562259,7,,18,,37,False,0,False,2026-05-19T19:15:00Z,Gameweek 37,True,3,220
378,2562272,17,,7,,38,False,0,False,2026-05-24T15:00:00Z,Gameweek 38,False,3,220
365,2562259,7,,18,,37,False,0,False,2026-05-19T19:15:00Z,Gameweek 37,True,3,221
378,2562272,17,,7,,38,False,0,False,2026-05-24T15:00:00Z,Gameweek 38,False,3,221
365,2562259,7,,18,,37,False,0,False,2026-05-19T19:15:00Z,Gameweek 37,True,3,222
378,2562272,17,,7,,38,False,0,False,2026-05-24T15:00:00Z,Gameweek 38,False,3,222
365,2562259,7,,18,,37,False,0,False,2026-05-19T19:15:00Z,Gameweek 37,True,3,223
378,2562272,17,,7,,38,False,0,False,2026-05-24T15:00:00Z,Gameweek 38,False,3,223
365,2562259,7,,18,,37,False,0,False,2026-05-19T19:15:00Z,Gameweek 37,True,3,224
378,2562272,17,,7,,38,False,0,False,2026-05-24T15:00:00Z,Gameweek 38,False,3,224
365,2562259,7,,18,,37,False,0,False,2026-05-19T19:15:00Z,Gameweek 37,True,3,225
378,2562272,17,,7,,38,False,0,False,2026-05-24T15:00:00Z,Gameweek 38,False,3,225
365,2562259,7,,18,,37,False,0,False,2026-05-19T19:15:00Z,Gameweek 37,True,3,226
378,2562272,17,,7,,38,False,0,False,2026-05-24T15:00:00Z,Gameweek 38,False,3,226
365,2562259,7,,18,,37,False,0,False,2026-05-19T19:15:00Z,Gameweek 37,True,3,227
378,2562272,17,,7,,38,False,0,False,2026-05-24T15:00:00Z,Gameweek 38,False,3,227
365,2562259,7,,18,,37,False,0,False,2026-05-19T19:15:00Z,Gameweek 37,True,3,228
378,2562272,17,,7,,38,False,0,False,2026-05-24T15:00:00Z,Gameweek 38,False,3,228
365,2562259,7,,18,,37,False,0,False,2026-05-19T19:15:00Z,Gameweek 37,True,3,229
378,2562272,17,,7,,38,False,0,False,2026-05-24T15:00:00Z,Gameweek 38,False,3,229
365,2562259,7,,18,,37,False,0,False,2026-05-19T19:15:00Z,Gameweek 37,True,3,230
378,2562272,17,,7,,38,False,0,False,2026-05-24T15:00:00Z,Gameweek 38,False,3,230
365,2562259,7,,18,,37,False,0,False,2026-05-19T19:15:00Z,Gameweek 37,True,3,231
378,2562272,17,,7,,38,False,0,False,2026-05-24T15:00:00Z,Gameweek 38,False,3,231
365,2562259,7,,18,,37,False,0,False,2026-05-19T19:15:00Z,Gameweek 37,True,3,232
378,2562272,17,,7,,38,False,0,False,2026-05-24T15:00:00Z,Gameweek 38,False,3,232
365,2562259,7,,18,,37,False,0,False,2026-05-19T19:15:00Z,Gameweek 37,True,3,233
378,2562272,17,,7,,38,False,0,False,2026-05-24T15:00:00Z,Gameweek 38,False,3,233
365,2562259,7,,18,,37,False,0,False,2026-05-19T19:15:00Z,Gameweek 37,True,3,234
378,2562272,17,,7,,38,False,0,False,2026-05-24T15:00:00Z,Gameweek 38,False,3,234
365,2562259,7,,18,,37,False,0,False,2026-05-19T19:15:00Z,Gameweek 37,True,3,235
378,2562272,17,,7,,38,False,0,False,2026-05-24T15:00:00Z,Gameweek 38,False,3,235
365,2562259,7,,18,,37,False,0,False,2026-05-19T19:15:00Z,Gameweek 37,True,3,236
378,2562272,17,,7,,38,False,0,False,2026-05-24T15:00:00Z,Gameweek 38,False,3,236
365,2562259,7,,18,,37,False,0,False,2026-05-19T19:15:00Z,Gameweek 37,True,3,237
378,2562272,17,,7,,38,False,0,False,2026-05-24T15:00:00Z,Gameweek 38,False,3,237
365,2562259,7,,18,,37,False,0,False,2026-05-19T19:15:00Z,Gameweek 37,True,3,238
378,2562272,17,,7,,38,False,0,False,2026-05-24T15:00:00Z,Gameweek 38,False,3,238
365,2562259,7,,18,,37,False,0,False,2026-05-19T19:15:00Z,Gameweek 37,True,3,239
378,2562272,17,,7,,38,False,0,False,2026-05-24T15:00:00Z,Gameweek 38,False,3,239
365,2562259,7,,18,,37,False,0,False,2026-05-19T19:15:00Z,Gameweek 37,True,3,240
378,2562272,17,,7,,38,False,0,False,2026-05-24T15:00:00Z,Gameweek 38,False,3,240
365,2562259,7,,18,,37,False,0,False,2026-05-19T19:15:00Z,Gameweek 37,True,3,241
378,2562272,17,,7,,38,False,0,False,2026-05-24T15:00:00Z,Gameweek 38,False,3,241
365,2562259,7,,18,,37,False,0,False,2026-05-19T19:15:00Z,Gameweek 37,True,3,244
378,2562272,17,,7,,38,False,0,False,2026-05-24T15:00:00Z,Gameweek 38,False,3,244
365,2562259,7,,18,,37,False,0,False,2026-05-19T19:15:00Z,Gameweek 37,True,3,245
378,2562272,17,,7,,38,False,0,False,2026-05-24T15:00:00Z,Gameweek 38,False,3,245
365,2562259,7,,18,,37,False,0,False,2026-05-19T19:15:00Z,Gameweek 37,True,3,246
378,2562272,17,,7,,38,False,0,False,2026-05-24T15:00:00Z,Gameweek 38,False,3,246
365,2562259,7,,18,,37,False,0,False,2026-05-19T19:15:00Z,Gameweek 37,True,3,247
378,2562272,17,,7,,38,False,0,False,2026-05-24T15:00:00Z,Gameweek 38,False,3,247
365,2562259,7,,18,,37,False,0,False,2026-05-19T19:15:00Z,Gameweek 37,True,3,248
378,2562272,17,,7,,38,False,0,False,2026-05-24T15:00:00Z,Gameweek 38,False,3,248
365,2562259,7,,18,,37,False,0,False,2026-05-19T19:15:00Z,Gameweek 37,True,3,249
378,2562272,17,,7,,38,False,0,False,2026-05-24T15:00:00Z,Gameweek 38,False,3,249
365,2562259,7,,18,,37,False,0,False,2026-05-19T19:15:00Z,Gameweek 37,True,3,250
378,2562272,17,,7,,38,False,0,False,2026-05-24T15:00:00Z,Gameweek 38,False,3,250
365,2562259,7,,18,,37,False,0,False,2026-05-19T19:15:00Z,Gameweek 37,True,3,251
378,2562272,17,,7,,38,False,0,False,2026-05-24T15:00:00Z,Gameweek 38,False,3,251
365,2562259,7,,18,,37,False,0,False,2026-05-19T19:15:00Z,Gameweek 37,True,3,252
378,2562272,17,,7,,38,False,0,False,2026-05-24T15:00:00Z,Gameweek 38,False,3,252
365,2562259,7,,18,,37,False,0,False,2026-05-19T19:15:00Z,Gameweek 37,True,3,453
378,2562272,17,,7,,38,False,0,False,2026-05-24T15:00:00Z,Gameweek 38,False,3,453
365,2562259,7,,18,,37,False,0,False,2026-05-19T19:15:00Z,Gameweek 37,True,3,672
378,2562272,17,,7,,38,False,0,False,2026-05-24T15:00:00Z,Gameweek 38,False,3,672
365,2562259,7,,18,,37,False,0,False,2026-05-19T19:15:00Z,Gameweek 37,True,3,743
378,2562272,17,,7,,38,False,0,False,2026-05-24T15:00:00Z,Gameweek 38,False,3,743
365,2562259,7,,18,,37,False,0,False,2026-05-19T19:15:00Z,Gameweek 37,True,3,789
378,2562272,17,,7,,38,False,0,False,2026-05-24T15:00:00Z,Gameweek 38,False,3,789
365,2562259,7,,18,,37,False,0,False,2026-05-19T19:15:00Z,Gameweek 37,True,3,803
378,2562272,17,,7,,38,False,0,False,2026-05-24T15:00:00Z,Gameweek 38,False,3,803
365,2562259,7,,18,,37,False,0,False,2026-05-19T19:15:00Z,Gameweek 37,True,3,829
378,2562272,17,,7,,38,False,0,False,2026-05-24T15:00:00Z,Gameweek 38,False,3,829
365,2562259,7,,18,,37,False,0,False,2026-05-19T19:15:00Z,Gameweek 37,True,3,833
378,2562272,17,,7,,38,False,0,False,2026-05-24T15:00:00Z,Gameweek 38,False,3,833
365,2562259,7,,18,,37,False,0,False,2026-05-19T19:15:00Z,Gameweek 37,True,3,834
378,2562272,17,,7,,38,False,0,False,2026-05-24T15:00:00Z,Gameweek 38,False,3,834
373,2562267,8,,1,,38,False,0,False,2026-05-24T15:00:00Z,Gameweek 38,True,4,253
373,2562267,8,,1,,38,False,0,False,2026-05-24T15:00:00Z,Gameweek 38,True,4,254
373,2562267,8,,1,,38,False,0,False,2026-05-24T15:00:00Z,Gameweek 38,True,4,255
373,2562267,8,,1,,38,False,0,False,2026-05-24T15:00:00Z,Gameweek 38,True,4,256
373,2562267,8,,1,,38,False,0,False,2026-05-24T15:00:00Z,Gameweek 38,True,4,257
373,2562267,8,,1,,38,False,0,False,2026-05-24T15:00:00Z,Gameweek 38,True,4,258
373,2562267,8,,1,,38,False,0,False,2026-05-24T15:00:00Z,Gameweek 38,True,4,259
373,2562267,8,,1,,38,False,0,False,2026-05-24T15:00:00Z,Gameweek 38,True,4,261
373,2562267,8,,1,,38,False,0,False,2026-05-24T15:00:00Z,Gameweek 38,True,4,262
373,2562267,8,,1,,38,False,0,False,2026-05-24T15:00:00Z,Gameweek 38,True,4,263
373,2562267,8,,1,,38,False,0,False,2026-05-24T15:00:00Z,Gameweek 38,True,4,264
373,2562267,8,,1,,38,False,0,False,2026-05-24T15:00:00Z,Gameweek 38,True,4,265
373,2562267,8,,1,,38,False,0,False,2026-05-24T15:00:00Z,Gameweek 38,True,4,267
373,2562267,8,,1,,38,False,0,False,2026-05-24T15:00:00Z,Gameweek 38,True,4,268
373,2562267,8,,1,,38,False,0,False,2026-05-24T15:00:00Z,Gameweek 38,True,4,269
373,2562267,8,,1,,38,False,0,False,2026-05-24T15:00:00Z,Gameweek 38,True,4,270
373,2562267,8,,1,,38,False,0,False,2026-05-24T15:00:00Z,Gameweek 38,True,4,271
373,2562267,8,,1,,38,False,0,False,2026-05-24T15:00:00Z,Gameweek 38,True,4,272
373,2562267,8,,1,,38,False,0,False,2026-05-24T15:00:00Z,Gameweek 38,True,4,273
373,2562267,8,,1,,38,False,0,False,2026-05-24T15:00:00Z,Gameweek 38,True,4,274
373,2562267,8,,1,,38,False,0,False,2026-05-24T15:00:00Z,Gameweek 38,True,4,275
373,2562267,8,,1,,38,False,0,False,2026-05-24T15:00:00Z,Gameweek 38,True,4,276
373,2562267,8,,1,,38,False,0,False,2026-05-24T15:00:00Z,Gameweek 38,True,4,277
373,2562267,8,,1,,38,False,0,False,2026-05-24T15:00:00Z,Gameweek 38,True,4,278
373,2562267,8,,1,,38,False,0,False,2026-05-24T15:00:00Z,Gameweek 38,True,4,279
373,2562267,8,,1,,38,False,0,False,2026-05-24T15:00:00Z,Gameweek 38,True,4,280
373,2562267,8,,1,,38,False,0,False,2026-05-24T15:00:00Z,Gameweek 38,True,4,281
373,2562267,8,,1,,38,False,0,False,2026-05-24T15:00:00Z,Gameweek 38,True,4,282
373,2562267,8,,1,,38,False,0,False,2026-05-24T15:00:00Z,Gameweek 38,True,4,283
373,2562267,8,,1,,38,False,0,False,2026-05-24T15:00:00Z,Gameweek 38,True,4,284
373,2562267,8,,1,,38,False,0,False,2026-05-24T15:00:00Z,Gameweek 38,True,4,285
373,2562267,8,,1,,38,False,0,False,2026-05-24T15:00:00Z,Gameweek 38,True,4,286
373,2562267,8,,1,,38,False,0,False,2026-05-24T15:00:00Z,Gameweek 38,True,4,580
373,2562267,8,,1,,38,False,0,False,2026-05-24T15:00:00Z,Gameweek 38,True,4,654
373,2562267,8,,1,,38,False,0,False,2026-05-24T15:00:00Z,Gameweek 38,True,4,677
373,2562267,8,,1,,38,False,0,False,2026-05-24T15:00:00Z,Gameweek 38,True,4,690
373,2562267,8,,1,,38,False,0,False,2026-05-24T15:00:00Z,Gameweek 38,True,4,712
373,2562267,8,,1,,38,False,0,False,2026-05-24T15:00:00Z,Gameweek 38,True,4,723
373,2562267,8,,1,,38,False,0,False,2026-05-24T15:00:00Z,Gameweek 38,True,4,732
373,2562267,8,,1,,38,False,0,False,2026-05-24T15:00:00Z,Gameweek 38,True,4,762
373,2562267,8,,1,,38,False,0,False,2026-05-24T15:00:00Z,Gameweek 38,True,4,773
373,2562267,8,,1,,38,False,0,False,2026-05-24T15:00:00Z,Gameweek 38,True,4,780
373,2562267,8,,1,,38,False,0,False,2026-05-24T15:00:00Z,Gameweek 38,True,4,793
373,2562267,8,,1,,38,False,0,False,2026-05-24T15:00:00Z,Gameweek 38,True,4,798
379,2562273,18,,9,,38,False,0,False,2026-05-24T15:00:00Z,Gameweek 38,False,3,242
379,2562273,18,,9,,38,False,0,False,2026-05-24T15:00:00Z,Gameweek 38,False,3,243
379,2562273,18,,9,,38,False,0,False,2026-05-24T15:00:00Z,Gameweek 38,False,3,287
379,2562273,18,,9,,38,False,0,False,2026-05-24T15:00:00Z,Gameweek 38,False,3,288
379,2562273,18,,9,,38,False,0,False,2026-05-24T15:00:00Z,Gameweek 38,False,3,289
379,2562273,18,,9,,38,False,0,False,2026-05-24T15:00:00Z,Gameweek 38,False,3,290
379,2562273,18,,9,,38,False,0,False,2026-05-24T15:00:00Z,Gameweek 38,False,3,291
379,2562273,18,,9,,38,False,0,False,2026-05-24T15:00:00Z,Gameweek 38,False,3,292
379,2562273,18,,9,,38,False,0,False,2026-05-24T15:00:00Z,Gameweek 38,False,3,293
379,2562273,18,,9,,38,False,0,False,2026-05-24T15:00:00Z,Gameweek 38,False,3,294
379,2562273,18,,9,,38,False,0,False,2026-05-24T15:00:00Z,Gameweek 38,False,3,295
379,2562273,18,,9,,38,False,0,False,2026-05-24T15:00:00Z,Gameweek 38,False,3,296
379,2562273,18,,9,,38,False,0,False,2026-05-24T15:00:00Z,Gameweek 38,False,3,297
379,2562273,18,,9,,38,False,0,False,2026-05-24T15:00:00Z,Gameweek 38,False,3,298
379,2562273,18,,9,,38,False,0,False,2026-05-24T15:00:00Z,Gameweek 38,False,3,299
379,2562273,18,,9,,38,False,0,False,2026-05-24T15:00:00Z,Gameweek 38,False,3,300
379,2562273,18,,9,,38,False,0,False,2026-05-24T15:00:00Z,Gameweek 38,False,3,301
379,2562273,18,,9,,38,False,0,False,2026-05-24T15:00:00Z,Gameweek 38,False,3,302
379,2562273,18,,9,,38,False,0,False,2026-05-24T15:00:00Z,Gameweek 38,False,3,303
379,2562273,18,,9,,38,False,0,False,2026-05-24T15:00:00Z,Gameweek 38,False,3,304
379,2562273,18,,9,,38,False,0,False,2026-05-24T15:00:00Z,Gameweek 38,False,3,305
379,2562273,18,,9,,38,False,0,False,2026-05-24T15:00:00Z,Gameweek 38,False,3,306
379,2562273,18,,9,,38,False,0,False,2026-05-24T15:00:00Z,Gameweek 38,False,3,307
379,2562273,18,,9,,38,False,0,False,2026-05-24T15:00:00Z,Gameweek 38,False,3,308
379,2562273,18,,9,,38,False,0,False,2026-05-24T15:00:00Z,Gameweek 38,False,3,309
379,2562273,18,,9,,38,False,0,False,2026-05-24T15:00:00Z,Gameweek 38,False,3,310
379,2562273,18,,9,,38,False,0,False,2026-05-24T15:00:00Z,Gameweek 38,False,3,311
379,2562273,18,,9,,38,False,0,False,2026-05-24T15:00:00Z,Gameweek 38,False,3,312
379,2562273,18,,9,,38,False,0,False,2026-05-24T15:00:00Z,Gameweek 38,False,3,313
379,2562273,18,,9,,38,False,0,False,2026-05-24T15:00:00Z,Gameweek 38,False,3,419
379,2562273,18,,9,,38,False,0,False,2026-05-24T15:00:00Z,Gameweek 38,False,3,630
379,2562273,18,,9,,38,False,0,False,2026-05-24T15:00:00Z,Gameweek 38,False,3,667
379,2562273,18,,9,,38,False,0,False,2026-05-24T15:00:00Z,Gameweek 38,False,3,704
379,2562273,18,,9,,38,False,0,False,2026-05-24T15:00:00Z,Gameweek 38,False,3,705
379,2562273,18,,9,,38,False,0,False,2026-05-24T15:00:00Z,Gameweek 38,False,3,707
379,2562273,18,,9,,38,False,0,False,2026-05-24T15:00:00Z,Gameweek 38,False,3,728
379,2562273,18,,9,,38,False,0,False,2026-05-24T15:00:00Z,Gameweek 38,False,3,779
374,2562268,10,,15,,38,False,0,False,2026-05-24T15:00:00Z,Gameweek 38,True,3,314
374,2562268,10,,15,,38,False,0,False,2026-05-24T15:00:00Z,Gameweek 38,True,3,315
374,2562268,10,,15,,38,False,0,False,2026-05-24T15:00:00Z,Gameweek 38,True,3,316
374,2562268,10,,15,,38,False,0,False,2026-05-24T15:00:00Z,Gameweek 38,True,3,317
374,2562268,10,,15,,38,False,0,False,2026-05-24T15:00:00Z,Gameweek 38,True,3,318
374,2562268,10,,15,,38,False,0,False,2026-05-24T15:00:00Z,Gameweek 38,True,3,319
374,2562268,10,,15,,38,False,0,False,2026-05-24T15:00:00Z,Gameweek 38,True,3,320
374,2562268,10,,15,,38,False,0,False,2026-05-24T15:00:00Z,Gameweek 38,True,3,321
374,2562268,10,,15,,38,False,0,False,2026-05-24T15:00:00Z,Gameweek 38,True,3,322
374,2562268,10,,15,,38,False,0,False,2026-05-24T15:00:00Z,Gameweek 38,True,3,323
374,2562268,10,,15,,38,False,0,False,2026-05-24T15:00:00Z,Gameweek 38,True,3,324
374,2562268,10,,15,,38,False,0,False,2026-05-24T15:00:00Z,Gameweek 38,True,3,325
374,2562268,10,,15,,38,False,0,False,2026-05-24T15:00:00Z,Gameweek 38,True,3,327
374,2562268,10,,15,,38,False,0,False,2026-05-24T15:00:00Z,Gameweek 38,True,3,328
374,2562268,10,,15,,38,False,0,False,2026-05-24T15:00:00Z,Gameweek 38,True,3,329
374,2562268,10,,15,,38,False,0,False,2026-05-24T15:00:00Z,Gameweek 38,True,3,330
374,2562268,10,,15,,38,False,0,False,2026-05-24T15:00:00Z,Gameweek 38,True,3,331
374,2562268,10,,15,,38,False,0,False,2026-05-24T15:00:00Z,Gameweek 38,True,3,332
374,2562268,10,,15,,38,False,0,False,2026-05-24T15:00:00Z,Gameweek 38,True,3,333
374,2562268,10,,15,,38,False,0,False,2026-05-24T15:00:00Z,Gameweek 38,True,3,334
374,2562268,10,,15,,38,False,0,False,2026-05-24T15:00:00Z,Gameweek 38,True,3,335
374,2562268,10,,15,,38,False,0,False,2026-05-24T15:00:00Z,Gameweek 38,True,3,336
374,2562268,10,,15,,38,False,0,False,2026-05-24T15:00:00Z,Gameweek 38,True,3,337
374,2562268,10,,15,,38,False,0,False,2026-05-24T15:00:00Z,Gameweek 38,True,3,338
374,2562268,10,,15,,38,False,0,False,2026-05-24T15:00:00Z,Gameweek 38,True,3,424
374,2562268,10,,15,,38,False,0,False,2026-05-24T15:00:00Z,Gameweek 38,True,3,664
374,2562268,10,,15,,38,False,0,False,2026-05-24T15:00:00Z,Gameweek 38,True,3,727
374,2562268,10,,15,,38,False,0,False,2026-05-24T15:00:00Z,Gameweek 38,True,3,731
374,2562268,10,,15,,38,False,0,False,2026-05-24T15:00:00Z,Gameweek 38,True,3,737
374,2562268,10,,15,,38,False,0,False,2026-05-24T15:00:00Z,Gameweek 38,True,3,770
374,2562268,10,,15,,38,False,0,False,2026-05-24T15:00:00Z,Gameweek 38,True,3,786
380,2562274,19,,11,,38,False,0,False,2026-05-24T15:00:00Z,Gameweek 38,False,3,168
380,2562274,19,,11,,38,False,0,False,2026-05-24T15:00:00Z,Gameweek 38,False,3,339
380,2562274,19,,11,,38,False,0,False,2026-05-24T15:00:00Z,Gameweek 38,False,3,340
380,2562274,19,,11,,38,False,0,False,2026-05-24T15:00:00Z,Gameweek 38,False,3,341
380,2562274,19,,11,,38,False,0,False,2026-05-24T15:00:00Z,Gameweek 38,False,3,342
380,2562274,19,,11,,38,False,0,False,2026-05-24T15:00:00Z,Gameweek 38,False,3,343
380,2562274,19,,11,,38,False,0,False,2026-05-24T15:00:00Z,Gameweek 38,False,3,344
380,2562274,19,,11,,38,False,0,False,2026-05-24T15:00:00Z,Gameweek 38,False,3,345
380,2562274,19,,11,,38,False,0,False,2026-05-24T15:00:00Z,Gameweek 38,False,3,346
380,2562274,19,,11,,38,False,0,False,2026-05-24T15:00:00Z,Gameweek 38,False,3,347
380,2562274,19,,11,,38,False,0,False,2026-05-24T15:00:00Z,Gameweek 38,False,3,348
380,2562274,19,,11,,38,False,0,False,2026-05-24T15:00:00Z,Gameweek 38,False,3,349
380,2562274,19,,11,,38,False,0,False,2026-05-24T15:00:00Z,Gameweek 38,False,3,350
380,2562274,19,,11,,38,False,0,False,2026-05-24T15:00:00Z,Gameweek 38,False,3,351
380,2562274,19,,11,,38,False,0,False,2026-05-24T15:00:00Z,Gameweek 38,False,3,352
380,2562274,19,,11,,38,False,0,False,2026-05-24T15:00:00Z,Gameweek 38,False,3,353
380,2562274,19,,11,,38,False,0,False,2026-05-24T15:00:00Z,Gameweek 38,False,3,354
380,2562274,19,,11,,38,False,0,False,2026-05-24T15:00:00Z,Gameweek 38,False,3,355
380,2562274,19,,11,,38,False,0,False,2026-05-24T15:00:00Z,Gameweek 38,False,3,356
380,2562274,19,,11,,38,False,0,False,2026-05-24T15:00:00Z,Gameweek 38,False,3,357
380,2562274,19,,11,,38,False,0,False,2026-05-24T15:00:00Z,Gameweek 38,False,3,358
380,2562274,19,,11,,38,False,0,False,2026-05-24T15:00:00Z,Gameweek 38,False,3,359
380,2562274,19,,11,,38,False,0,False,2026-05-24T15:00:00Z,Gameweek 38,False,3,360
380,2562274,19,,11,,38,False,0,False,2026-05-24T15:00:00Z,Gameweek 38,False,3,361
380,2562274,19,,11,,38,False,0,False,2026-05-24T15:00:00Z,Gameweek 38,False,3,362
380,2562274,19,,11,,38,False,0,False,2026-05-24T15:00:00Z,Gameweek 38,False,3,363
380,2562274,19,,11,,38,False,0,False,2026-05-24T15:00:00Z,Gameweek 38,False,3,364
380,2562274,19,,11,,38,False,0,False,2026-05-24T15:00:00Z,Gameweek 38,False,3,365
380,2562274,19,,11,,38,False,0,False,2026-05-24T15:00:00Z,Gameweek 38,False,3,493
380,2562274,19,,11,,38,False,0,False,2026-05-24T15:00:00Z,Gameweek 38,False,3,660
380,2562274,19,,11,,38,False,0,False,2026-05-24T15:00:00Z,Gameweek 38,False,3,665
380,2562274,19,,11,,38,False,0,False,2026-05-24T15:00:00Z,Gameweek 38,False,3,691
380,2562274,19,,11,,38,False,0,False,2026-05-24T15:00:00Z,Gameweek 38,False,3,698
380,2562274,19,,11,,38,False,0,False,2026-05-24T15:00:00Z,Gameweek 38,False,3,706
380,2562274,19,,11,,38,False,0,False,2026-05-24T15:00:00Z,Gameweek 38,False,3,741
380,2562274,19,,11,,38,False,0,False,2026-05-24T15:00:00Z,Gameweek 38,False,3,787
380,2562274,19,,11,,38,False,0,False,2026-05-24T15:00:00Z,Gameweek 38,False,3,837
380,2562274,19,,11,,38,False,0,False,2026-05-24T15:00:00Z,Gameweek 38,False,3,838
380,2562274,19,,11,,38,False,0,False,2026-05-24T15:00:00Z,Gameweek 38,False,3,839
375,2562269,12,,5,,38,False,0,False,2026-05-24T15:00:00Z,Gameweek 38,True,3,366
375,2562269,12,,5,,38,False,0,False,2026-05-24T15:00:00Z,Gameweek 38,True,3,367
375,2562269,12,,5,,38,False,0,False,2026-05-24T15:00:00Z,Gameweek 38,True,3,368
375,2562269,12,,5,,38,False,0,False,2026-05-24T15:00:00Z,Gameweek 38,True,3,369
375,2562269,12,,5,,38,False,0,False,2026-05-24T15:00:00Z,Gameweek 38,True,3,370
375,2562269,12,,5,,38,False,0,False,2026-05-24T15:00:00Z,Gameweek 38,True,3,371
375,2562269,12,,5,,38,False,0,False,2026-05-24T15:00:00Z,Gameweek 38,True,3,372
375,2562269,12,,5,,38,False,0,False,2026-05-24T15:00:00Z,Gameweek 38,True,3,373
375,2562269,12,,5,,38,False,0,False,2026-05-24T15:00:00Z,Gameweek 38,True,3,374
375,2562269,12,,5,,38,False,0,False,2026-05-24T15:00:00Z,Gameweek 38,True,3,375
375,2562269,12,,5,,38,False,0,False,2026-05-24T15:00:00Z,Gameweek 38,True,3,376
375,2562269,12,,5,,38,False,0,False,2026-05-24T15:00:00Z,Gameweek 38,True,3,377
375,2562269,12,,5,,38,False,0,False,2026-05-24T15:00:00Z,Gameweek 38,True,3,378
375,2562269,12,,5,,38,False,0,False,2026-05-24T15:00:00Z,Gameweek 38,True,3,379
375,2562269,12,,5,,38,False,0,False,2026-05-24T15:00:00Z,Gameweek 38,True,3,380
375,2562269,12,,5,,38,False,0,False,2026-05-24T15:00:00Z,Gameweek 38,True,3,381
375,2562269,12,,5,,38,False,0,False,2026-05-24T15:00:00Z,Gameweek 38,True,3,382
375,2562269,12,,5,,38,False,0,False,2026-05-24T15:00:00Z,Gameweek 38,True,3,383
375,2562269,12,,5,,38,False,0,False,2026-05-24T15:00:00Z,Gameweek 38,True,3,384
375,2562269,12,,5,,38,False,0,False,2026-05-24T15:00:00Z,Gameweek 38,True,3,385
375,2562269,12,,5,,38,False,0,False,2026-05-24T15:00:00Z,Gameweek 38,True,3,386
375,2562269,12,,5,,38,False,0,False,2026-05-24T15:00:00Z,Gameweek 38,True,3,387
375,2562269,12,,5,,38,False,0,False,2026-05-24T15:00:00Z,Gameweek 38,True,3,388
375,2562269,12,,5,,38,False,0,False,2026-05-24T15:00:00Z,Gameweek 38,True,3,390
375,2562269,12,,5,,38,False,0,False,2026-05-24T15:00:00Z,Gameweek 38,True,3,392
375,2562269,12,,5,,38,False,0,False,2026-05-24T15:00:00Z,Gameweek 38,True,3,393
375,2562269,12,,5,,38,False,0,False,2026-05-24T15:00:00Z,Gameweek 38,True,3,394
375,2562269,12,,5,,38,False,0,False,2026-05-24T15:00:00Z,Gameweek 38,True,3,395
375,2562269,12,,5,,38,False,0,False,2026-05-24T15:00:00Z,Gameweek 38,True,3,396
375,2562269,12,,5,,38,False,0,False,2026-05-24T15:00:00Z,Gameweek 38,True,3,397
375,2562269,12,,5,,38,False,0,False,2026-05-24T15:00:00Z,Gameweek 38,True,3,398
375,2562269,12,,5,,38,False,0,False,2026-05-24T15:00:00Z,Gameweek 38,True,3,499
375,2562269,12,,5,,38,False,0,False,2026-05-24T15:00:00Z,Gameweek 38,True,3,661
375,2562269,12,,5,,38,False,0,False,2026-05-24T15:00:00Z,Gameweek 38,True,3,686
375,2562269,12,,5,,38,False,0,False,2026-05-24T15:00:00Z,Gameweek 38,True,3,692
375,2562269,12,,5,,38,False,0,False,2026-05-24T15:00:00Z,Gameweek 38,True,3,746
375,2562269,12,,5,,38,False,0,False,2026-05-24T15:00:00Z,Gameweek 38,True,3,760
375,2562269,12,,5,,38,False,0,False,2026-05-24T15:00:00Z,Gameweek 38,True,3,830
375,2562269,12,,5,,38,False,0,False,2026-05-24T15:00:00Z,Gameweek 38,True,3,832
363,2562255,4,,13,,37,False,0,False,2026-05-19T18:30:00Z,Gameweek 37,False,4,82
376,2562270,13,,2,,38,False,0,False,2026-05-24T15:00:00Z,Gameweek 38,True,3,82
363,2562255,4,,13,,37,False,0,False,2026-05-19T18:30:00Z,Gameweek 37,False,4,182
376,2562270,13,,2,,38,False,0,False,2026-05-24T15:00:00Z,Gameweek 38,True,3,182
363,2562255,4,,13,,37,False,0,False,2026-05-19T18:30:00Z,Gameweek 37,False,4,260
376,2562270,13,,2,,38,False,0,False,2026-05-24T15:00:00Z,Gameweek 38,True,3,260
363,2562255,4,,13,,37,False,0,False,2026-05-19T18:30:00Z,Gameweek 37,False,4,399
376,2562270,13,,2,,38,False,0,False,2026-05-24T15:00:00Z,Gameweek 38,True,3,399
363,2562255,4,,13,,37,False,0,False,2026-05-19T18:30:00Z,Gameweek 37,False,4,401
376,2562270,13,,2,,38,False,0,False,2026-05-24T15:00:00Z,Gameweek 38,True,3,401
363,2562255,4,,13,,37,False,0,False,2026-05-19T18:30:00Z,Gameweek 37,False,4,402
376,2562270,13,,2,,38,False,0,False,2026-05-24T15:00:00Z,Gameweek 38,True,3,402
363,2562255,4,,13,,37,False,0,False,2026-05-19T18:30:00Z,Gameweek 37,False,4,403
376,2562270,13,,2,,38,False,0,False,2026-05-24T15:00:00Z,Gameweek 38,True,3,403
363,2562255,4,,13,,37,False,0,False,2026-05-19T18:30:00Z,Gameweek 37,False,4,404
376,2562270,13,,2,,38,False,0,False,2026-05-24T15:00:00Z,Gameweek 38,True,3,404
363,2562255,4,,13,,37,False,0,False,2026-05-19T18:30:00Z,Gameweek 37,False,4,405
376,2562270,13,,2,,38,False,0,False,2026-05-24T15:00:00Z,Gameweek 38,True,3,405
363,2562255,4,,13,,37,False,0,False,2026-05-19T18:30:00Z,Gameweek 37,False,4,406
376,2562270,13,,2,,38,False,0,False,2026-05-24T15:00:00Z,Gameweek 38,True,3,406
363,2562255,4,,13,,37,False,0,False,2026-05-19T18:30:00Z,Gameweek 37,False,4,407
376,2562270,13,,2,,38,False,0,False,2026-05-24T15:00:00Z,Gameweek 38,True,3,407
363,2562255,4,,13,,37,False,0,False,2026-05-19T18:30:00Z,Gameweek 37,False,4,408
376,2562270,13,,2,,38,False,0,False,2026-05-24T15:00:00Z,Gameweek 38,True,3,408
363,2562255,4,,13,,37,False,0,False,2026-05-19T18:30:00Z,Gameweek 37,False,4,409
376,2562270,13,,2,,38,False,0,False,2026-05-24T15:00:00Z,Gameweek 38,True,3,409
363,2562255,4,,13,,37,False,0,False,2026-05-19T18:30:00Z,Gameweek 37,False,4,410
376,2562270,13,,2,,38,False,0,False,2026-05-24T15:00:00Z,Gameweek 38,True,3,410
363,2562255,4,,13,,37,False,0,False,2026-05-19T18:30:00Z,Gameweek 37,False,4,411
376,2562270,13,,2,,38,False,0,False,2026-05-24T15:00:00Z,Gameweek 38,True,3,411
363,2562255,4,,13,,37,False,0,False,2026-05-19T18:30:00Z,Gameweek 37,False,4,412
376,2562270,13,,2,,38,False,0,False,2026-05-24T15:00:00Z,Gameweek 38,True,3,412
363,2562255,4,,13,,37,False,0,False,2026-05-19T18:30:00Z,Gameweek 37,False,4,413
376,2562270,13,,2,,38,False,0,False,2026-05-24T15:00:00Z,Gameweek 38,True,3,413
363,2562255,4,,13,,37,False,0,False,2026-05-19T18:30:00Z,Gameweek 37,False,4,414
376,2562270,13,,2,,38,False,0,False,2026-05-24T15:00:00Z,Gameweek 38,True,3,414
363,2562255,4,,13,,37,False,0,False,2026-05-19T18:30:00Z,Gameweek 37,False,4,415
376,2562270,13,,2,,38,False,0,False,2026-05-24T15:00:00Z,Gameweek 38,True,3,415
363,2562255,4,,13,,37,False,0,False,2026-05-19T18:30:00Z,Gameweek 37,False,4,416
376,2562270,13,,2,,38,False,0,False,2026-05-24T15:00:00Z,Gameweek 38,True,3,416
363,2562255,4,,13,,37,False,0,False,2026-05-19T18:30:00Z,Gameweek 37,False,4,417
376,2562270,13,,2,,38,False,0,False,2026-05-24T15:00:00Z,Gameweek 38,True,3,417
363,2562255,4,,13,,37,False,0,False,2026-05-19T18:30:00Z,Gameweek 37,False,4,418
376,2562270,13,,2,,38,False,0,False,2026-05-24T15:00:00Z,Gameweek 38,True,3,418
363,2562255,4,,13,,37,False,0,False,2026-05-19T18:30:00Z,Gameweek 37,False,4,420
376,2562270,13,,2,,38,False,0,False,2026-05-24T15:00:00Z,Gameweek 38,True,3,420
363,2562255,4,,13,,37,False,0,False,2026-05-19T18:30:00Z,Gameweek 37,False,4,421
376,2562270,13,,2,,38,False,0,False,2026-05-24T15:00:00Z,Gameweek 38,True,3,421
363,2562255,4,,13,,37,False,0,False,2026-05-19T18:30:00Z,Gameweek 37,False,4,422
376,2562270,13,,2,,38,False,0,False,2026-05-24T15:00:00Z,Gameweek 38,True,3,422
363,2562255,4,,13,,37,False,0,False,2026-05-19T18:30:00Z,Gameweek 37,False,4,423
376,2562270,13,,2,,38,False,0,False,2026-05-24T15:00:00Z,Gameweek 38,True,3,423
363,2562255,4,,13,,37,False,0,False,2026-05-19T18:30:00Z,Gameweek 37,False,4,425
376,2562270,13,,2,,38,False,0,False,2026-05-24T15:00:00Z,Gameweek 38,True,3,425
363,2562255,4,,13,,37,False,0,False,2026-05-19T18:30:00Z,Gameweek 37,False,4,427
376,2562270,13,,2,,38,False,0,False,2026-05-24T15:00:00Z,Gameweek 38,True,3,427
363,2562255,4,,13,,37,False,0,False,2026-05-19T18:30:00Z,Gameweek 37,False,4,428
376,2562270,13,,2,,38,False,0,False,2026-05-24T15:00:00Z,Gameweek 38,True,3,428
363,2562255,4,,13,,37,False,0,False,2026-05-19T18:30:00Z,Gameweek 37,False,4,429
376,2562270,13,,2,,38,False,0,False,2026-05-24T15:00:00Z,Gameweek 38,True,3,429
363,2562255,4,,13,,37,False,0,False,2026-05-19T18:30:00Z,Gameweek 37,False,4,430
376,2562270,13,,2,,38,False,0,False,2026-05-24T15:00:00Z,Gameweek 38,True,3,430
363,2562255,4,,13,,37,False,0,False,2026-05-19T18:30:00Z,Gameweek 37,False,4,736
376,2562270,13,,2,,38,False,0,False,2026-05-24T15:00:00Z,Gameweek 38,True,3,736
363,2562255,4,,13,,37,False,0,False,2026-05-19T18:30:00Z,Gameweek 37,False,4,739
376,2562270,13,,2,,38,False,0,False,2026-05-24T15:00:00Z,Gameweek 38,True,3,739
363,2562255,4,,13,,37,False,0,False,2026-05-19T18:30:00Z,Gameweek 37,False,4,740
376,2562270,13,,2,,38,False,0,False,2026-05-24T15:00:00Z,Gameweek 38,True,3,740
363,2562255,4,,13,,37,False,0,False,2026-05-19T18:30:00Z,Gameweek 37,False,4,742
376,2562270,13,,2,,38,False,0,False,2026-05-24T15:00:00Z,Gameweek 38,True,3,742
363,2562255,4,,13,,37,False,0,False,2026-05-19T18:30:00Z,Gameweek 37,False,4,763
376,2562270,13,,2,,38,False,0,False,2026-05-24T15:00:00Z,Gameweek 38,True,3,763
363,2562255,4,,13,,37,False,0,False,2026-05-19T18:30:00Z,Gameweek 37,False,4,764
376,2562270,13,,2,,38,False,0,False,2026-05-24T15:00:00Z,Gameweek 38,True,3,764
363,2562255,4,,13,,37,False,0,False,2026-05-19T18:30:00Z,Gameweek 37,False,4,794
376,2562270,13,,2,,38,False,0,False,2026-05-24T15:00:00Z,Gameweek 38,True,3,794
371,2562265,6,,14,,38,False,0,False,2026-05-24T15:00:00Z,Gameweek 38,False,4,119
371,2562265,6,,14,,38,False,0,False,2026-05-24T15:00:00Z,Gameweek 38,False,4,431
371,2562265,6,,14,,38,False,0,False,2026-05-24T15:00:00Z,Gameweek 38,False,4,432
371,2562265,6,,14,,38,False,0,False,2026-05-24T15:00:00Z,Gameweek 38,False,4,433
371,2562265,6,,14,,38,False,0,False,2026-05-24T15:00:00Z,Gameweek 38,False,4,434
371,2562265,6,,14,,38,False,0,False,2026-05-24T15:00:00Z,Gameweek 38,False,4,435
371,2562265,6,,14,,38,False,0,False,2026-05-24T15:00:00Z,Gameweek 38,False,4,436
371,2562265,6,,14,,38,False,0,False,2026-05-24T15:00:00Z,Gameweek 38,False,4,437
371,2562265,6,,14,,38,False,0,False,2026-05-24T15:00:00Z,Gameweek 38,False,4,438
371,2562265,6,,14,,38,False,0,False,2026-05-24T15:00:00Z,Gameweek 38,False,4,439
371,2562265,6,,14,,38,False,0,False,2026-05-24T15:00:00Z,Gameweek 38,False,4,440
371,2562265,6,,14,,38,False,0,False,2026-05-24T15:00:00Z,Gameweek 38,False,4,441
371,2562265,6,,14,,38,False,0,False,2026-05-24T15:00:00Z,Gameweek 38,False,4,442
371,2562265,6,,14,,38,False,0,False,2026-05-24T15:00:00Z,Gameweek 38,False,4,443
371,2562265,6,,14,,38,False,0,False,2026-05-24T15:00:00Z,Gameweek 38,False,4,444
371,2562265,6,,14,,38,False,0,False,2026-05-24T15:00:00Z,Gameweek 38,False,4,445
371,2562265,6,,14,,38,False,0,False,2026-05-24T15:00:00Z,Gameweek 38,False,4,446
371,2562265,6,,14,,38,False,0,False,2026-05-24T15:00:00Z,Gameweek 38,False,4,447
371,2562265,6,,14,,38,False,0,False,2026-05-24T15:00:00Z,Gameweek 38,False,4,448
371,2562265,6,,14,,38,False,0,False,2026-05-24T15:00:00Z,Gameweek 38,False,4,449
371,2562265,6,,14,,38,False,0,False,2026-05-24T15:00:00Z,Gameweek 38,False,4,450
371,2562265,6,,14,,38,False,0,False,2026-05-24T15:00:00Z,Gameweek 38,False,4,451
371,2562265,6,,14,,38,False,0,False,2026-05-24T15:00:00Z,Gameweek 38,False,4,452
371,2562265,6,,14,,38,False,0,False,2026-05-24T15:00:00Z,Gameweek 38,False,4,454
371,2562265,6,,14,,38,False,0,False,2026-05-24T15:00:00Z,Gameweek 38,False,4,455
371,2562265,6,,14,,38,False,0,False,2026-05-24T15:00:00Z,Gameweek 38,False,4,457
371,2562265,6,,14,,38,False,0,False,2026-05-24T15:00:00Z,Gameweek 38,False,4,458
371,2562265,6,,14,,38,False,0,False,2026-05-24T15:00:00Z,Gameweek 38,False,4,459
371,2562265,6,,14,,38,False,0,False,2026-05-24T15:00:00Z,Gameweek 38,False,4,460
371,2562265,6,,14,,38,False,0,False,2026-05-24T15:00:00Z,Gameweek 38,False,4,461
371,2562265,6,,14,,38,False,0,False,2026-05-24T15:00:00Z,Gameweek 38,False,4,462
371,2562265,6,,14,,38,False,0,False,2026-05-24T15:00:00Z,Gameweek 38,False,4,463
371,2562265,6,,14,,38,False,0,False,2026-05-24T15:00:00Z,Gameweek 38,False,4,464
371,2562265,6,,14,,38,False,0,False,2026-05-24T15:00:00Z,Gameweek 38,False,4,465
371,2562265,6,,14,,38,False,0,False,2026-05-24T15:00:00Z,Gameweek 38,False,4,466
371,2562265,6,,14,,38,False,0,False,2026-05-24T15:00:00Z,Gameweek 38,False,4,467
371,2562265,6,,14,,38,False,0,False,2026-05-24T15:00:00Z,Gameweek 38,False,4,468
371,2562265,6,,14,,38,False,0,False,2026-05-24T15:00:00Z,Gameweek 38,False,4,681
371,2562265,6,,14,,38,False,0,False,2026-05-24T15:00:00Z,Gameweek 38,False,4,733
371,2562265,6,,14,,38,False,0,False,2026-05-24T15:00:00Z,Gameweek 38,False,4,755
371,2562265,6,,14,,38,False,0,False,2026-05-24T15:00:00Z,Gameweek 38,False,4,769
371,2562265,6,,14,,38,False,0,False,2026-05-24T15:00:00Z,Gameweek 38,False,4,771
371,2562265,6,,14,,38,False,0,False,2026-05-24T15:00:00Z,Gameweek 38,False,4,788
371,2562265,6,,14,,38,False,0,False,2026-05-24T15:00:00Z,Gameweek 38,False,4,827
374,2562268,10,,15,,38,False,0,False,2026-05-24T15:00:00Z,Gameweek 38,False,3,52
374,2562268,10,,15,,38,False,0,False,2026-05-24T15:00:00Z,Gameweek 38,False,3,135
374,2562268,10,,15,,38,False,0,False,2026-05-24T15:00:00Z,Gameweek 38,False,3,469
374,2562268,10,,15,,38,False,0,False,2026-05-24T15:00:00Z,Gameweek 38,False,3,471
374,2562268,10,,15,,38,False,0,False,2026-05-24T15:00:00Z,Gameweek 38,False,3,472
374,2562268,10,,15,,38,False,0,False,2026-05-24T15:00:00Z,Gameweek 38,False,3,473
374,2562268,10,,15,,38,False,0,False,2026-05-24T15:00:00Z,Gameweek 38,False,3,474
374,2562268,10,,15,,38,False,0,False,2026-05-24T15:00:00Z,Gameweek 38,False,3,475
374,2562268,10,,15,,38,False,0,False,2026-05-24T15:00:00Z,Gameweek 38,False,3,476
374,2562268,10,,15,,38,False,0,False,2026-05-24T15:00:00Z,Gameweek 38,False,3,477
374,2562268,10,,15,,38,False,0,False,2026-05-24T15:00:00Z,Gameweek 38,False,3,478
374,2562268,10,,15,,38,False,0,False,2026-05-24T15:00:00Z,Gameweek 38,False,3,479
374,2562268,10,,15,,38,False,0,False,2026-05-24T15:00:00Z,Gameweek 38,False,3,480
374,2562268,10,,15,,38,False,0,False,2026-05-24T15:00:00Z,Gameweek 38,False,3,481
374,2562268,10,,15,,38,False,0,False,2026-05-24T15:00:00Z,Gameweek 38,False,3,482
374,2562268,10,,15,,38,False,0,False,2026-05-24T15:00:00Z,Gameweek 38,False,3,483
374,2562268,10,,15,,38,False,0,False,2026-05-24T15:00:00Z,Gameweek 38,False,3,484
374,2562268,10,,15,,38,False,0,False,2026-05-24T15:00:00Z,Gameweek 38,False,3,485
374,2562268,10,,15,,38,False,0,False,2026-05-24T15:00:00Z,Gameweek 38,False,3,486
374,2562268,10,,15,,38,False,0,False,2026-05-24T15:00:00Z,Gameweek 38,False,3,487
374,2562268,10,,15,,38,False,0,False,2026-05-24T15:00:00Z,Gameweek 38,False,3,488
374,2562268,10,,15,,38,False,0,False,2026-05-24T15:00:00Z,Gameweek 38,False,3,489
374,2562268,10,,15,,38,False,0,False,2026-05-24T15:00:00Z,Gameweek 38,False,3,490
374,2562268,10,,15,,38,False,0,False,2026-05-24T15:00:00Z,Gameweek 38,False,3,491
374,2562268,10,,15,,38,False,0,False,2026-05-24T15:00:00Z,Gameweek 38,False,3,492
374,2562268,10,,15,,38,False,0,False,2026-05-24T15:00:00Z,Gameweek 38,False,3,494
374,2562268,10,,15,,38,False,0,False,2026-05-24T15:00:00Z,Gameweek 38,False,3,495
374,2562268,10,,15,,38,False,0,False,2026-05-24T15:00:00Z,Gameweek 38,False,3,496
374,2562268,10,,15,,38,False,0,False,2026-05-24T15:00:00Z,Gameweek 38,False,3,497
374,2562268,10,,15,,38,False,0,False,2026-05-24T15:00:00Z,Gameweek 38,False,3,498
374,2562268,10,,15,,38,False,0,False,2026-05-24T15:00:00Z,Gameweek 38,False,3,500
374,2562268,10,,15,,38,False,0,False,2026-05-24T15:00:00Z,Gameweek 38,False,3,501
374,2562268,10,,15,,38,False,0,False,2026-05-24T15:00:00Z,Gameweek 38,False,3,674
374,2562268,10,,15,,38,False,0,False,2026-05-24T15:00:00Z,Gameweek 38,False,3,684
374,2562268,10,,15,,38,False,0,False,2026-05-24T15:00:00Z,Gameweek 38,False,3,689
374,2562268,10,,15,,38,False,0,False,2026-05-24T15:00:00Z,Gameweek 38,False,3,714
374,2562268,10,,15,,38,False,0,False,2026-05-24T15:00:00Z,Gameweek 38,False,3,753
374,2562268,10,,15,,38,False,0,False,2026-05-24T15:00:00Z,Gameweek 38,False,3,765
374,2562268,10,,15,,38,False,0,False,2026-05-24T15:00:00Z,Gameweek 38,False,3,772
377,2562271,16,,4,,38,False,0,False,2026-05-24T15:00:00Z,Gameweek 38,True,3,12
377,2562271,16,,4,,38,False,0,False,2026-05-24T15:00:00Z,Gameweek 38,True,3,400
377,2562271,16,,4,,38,False,0,False,2026-05-24T15:00:00Z,Gameweek 38,True,3,426
377,2562271,16,,4,,38,False,0,False,2026-05-24T15:00:00Z,Gameweek 38,True,3,502
377,2562271,16,,4,,38,False,0,False,2026-05-24T15:00:00Z,Gameweek 38,True,3,503
377,2562271,16,,4,,38,False,0,False,2026-05-24T15:00:00Z,Gameweek 38,True,3,504
377,2562271,16,,4,,38,False,0,False,2026-05-24T15:00:00Z,Gameweek 38,True,3,505
377,2562271,16,,4,,38,False,0,False,2026-05-24T15:00:00Z,Gameweek 38,True,3,506
377,2562271,16,,4,,38,False,0,False,2026-05-24T15:00:00Z,Gameweek 38,True,3,507
377,2562271,16,,4,,38,False,0,False,2026-05-24T15:00:00Z,Gameweek 38,True,3,508
377,2562271,16,,4,,38,False,0,False,2026-05-24T15:00:00Z,Gameweek 38,True,3,509
377,2562271,16,,4,,38,False,0,False,2026-05-24T15:00:00Z,Gameweek 38,True,3,510
377,2562271,16,,4,,38,False,0,False,2026-05-24T15:00:00Z,Gameweek 38,True,3,511
377,2562271,16,,4,,38,False,0,False,2026-05-24T15:00:00Z,Gameweek 38,True,3,512
377,2562271,16,,4,,38,False,0,False,2026-05-24T15:00:00Z,Gameweek 38,True,3,513
377,2562271,16,,4,,38,False,0,False,2026-05-24T15:00:00Z,Gameweek 38,True,3,514
377,2562271,16,,4,,38,False,0,False,2026-05-24T15:00:00Z,Gameweek 38,True,3,515
377,2562271,16,,4,,38,False,0,False,2026-05-24T15:00:00Z,Gameweek 38,True,3,516
377,2562271,16,,4,,38,False,0,False,2026-05-24T15:00:00Z,Gameweek 38,True,3,517
377,2562271,16,,4,,38,False,0,False,2026-05-24T15:00:00Z,Gameweek 38,True,3,518
377,2562271,16,,4,,38,False,0,False,2026-05-24T15:00:00Z,Gameweek 38,True,3,519
377,2562271,16,,4,,38,False,0,False,2026-05-24T15:00:00Z,Gameweek 38,True,3,520
377,2562271,16,,4,,38,False,0,False,2026-05-24T15:00:00Z,Gameweek 38,True,3,521
377,2562271,16,,4,,38,False,0,False,2026-05-24T15:00:00Z,Gameweek 38,True,3,522
377,2562271,16,,4,,38,False,0,False,2026-05-24T15:00:00Z,Gameweek 38,True,3,523
377,2562271,16,,4,,38,False,0,False,2026-05-24T15:00:00Z,Gameweek 38,True,3,524
377,2562271,16,,4,,38,False,0,False,2026-05-24T15:00:00Z,Gameweek 38,True,3,525
377,2562271,16,,4,,38,False,0,False,2026-05-24T15:00:00Z,Gameweek 38,True,3,526
377,2562271,16,,4,,38,False,0,False,2026-05-24T15:00:00Z,Gameweek 38,True,3,527
377,2562271,16,,4,,38,False,0,False,2026-05-24T15:00:00Z,Gameweek 38,True,3,669
377,2562271,16,,4,,38,False,0,False,2026-05-24T15:00:00Z,Gameweek 38,True,3,675
377,2562271,16,,4,,38,False,0,False,2026-05-24T15:00:00Z,Gameweek 38,True,3,693
377,2562271,16,,4,,38,False,0,False,2026-05-24T15:00:00Z,Gameweek 38,True,3,696
377,2562271,16,,4,,38,False,0,False,2026-05-24T15:00:00Z,Gameweek 38,True,3,715
377,2562271,16,,4,,38,False,0,False,2026-05-24T15:00:00Z,Gameweek 38,True,3,716
377,2562271,16,,4,,38,False,0,False,2026-05-24T15:00:00Z,Gameweek 38,True,3,729
377,2562271,16,,4,,38,False,0,False,2026-05-24T15:00:00Z,Gameweek 38,True,3,734
377,2562271,16,,4,,38,False,0,False,2026-05-24T15:00:00Z,Gameweek 38,True,3,805
377,2562271,16,,4,,38,False,0,False,2026-05-24T15:00:00Z,Gameweek 38,True,3,814
377,2562271,16,,4,,38,False,0,False,2026-05-24T15:00:00Z,Gameweek 38,True,3,835
377,2562271,16,,4,,38,False,0,False,2026-05-24T15:00:00Z,Gameweek 38,True,3,836
378,2562272,17,,7,,38,False,0,False,2026-05-24T15:00:00Z,Gameweek 38,True,3,528
378,2562272,17,,7,,38,False,0,False,2026-05-24T15:00:00Z,Gameweek 38,True,3,529
378,2562272,17,,7,,38,False,0,False,2026-05-24T15:00:00Z,Gameweek 38,True,3,530
378,2562272,17,,7,,38,False,0,False,2026-05-24T15:00:00Z,Gameweek 38,True,3,531
378,2562272,17,,7,,38,False,0,False,2026-05-24T15:00:00Z,Gameweek 38,True,3,532
378,2562272,17,,7,,38,False,0,False,2026-05-24T15:00:00Z,Gameweek 38,True,3,533
378,2562272,17,,7,,38,False,0,False,2026-05-24T15:00:00Z,Gameweek 38,True,3,534
378,2562272,17,,7,,38,False,0,False,2026-05-24T15:00:00Z,Gameweek 38,True,3,535
378,2562272,17,,7,,38,False,0,False,2026-05-24T15:00:00Z,Gameweek 38,True,3,536
378,2562272,17,,7,,38,False,0,False,2026-05-24T15:00:00Z,Gameweek 38,True,3,537
378,2562272,17,,7,,38,False,0,False,2026-05-24T15:00:00Z,Gameweek 38,True,3,538
378,2562272,17,,7,,38,False,0,False,2026-05-24T15:00:00Z,Gameweek 38,True,3,539
378,2562272,17,,7,,38,False,0,False,2026-05-24T15:00:00Z,Gameweek 38,True,3,540
378,2562272,17,,7,,38,False,0,False,2026-05-24T15:00:00Z,Gameweek 38,True,3,541
378,2562272,17,,7,,38,False,0,False,2026-05-24T15:00:00Z,Gameweek 38,True,3,542
378,2562272,17,,7,,38,False,0,False,2026-05-24T15:00:00Z,Gameweek 38,True,3,543
378,2562272,17,,7,,38,False,0,False,2026-05-24T15:00:00Z,Gameweek 38,True,3,544
378,2562272,17,,7,,38,False,0,False,2026-05-24T15:00:00Z,Gameweek 38,True,3,545
378,2562272,17,,7,,38,False,0,False,2026-05-24T15:00:00Z,Gameweek 38,True,3,546
378,2562272,17,,7,,38,False,0,False,2026-05-24T15:00:00Z,Gameweek 38,True,3,547
378,2562272,17,,7,,38,False,0,False,2026-05-24T15:00:00Z,Gameweek 38,True,3,548
378,2562272,17,,7,,38,False,0,False,2026-05-24T15:00:00Z,Gameweek 38,True,3,549
378,2562272,17,,7,,38,False,0,False,2026-05-24T15:00:00Z,Gameweek 38,True,3,550
378,2562272,17,,7,,38,False,0,False,2026-05-24T15:00:00Z,Gameweek 38,True,3,551
378,2562272,17,,7,,38,False,0,False,2026-05-24T15:00:00Z,Gameweek 38,True,3,552
378,2562272,17,,7,,38,False,0,False,2026-05-24T15:00:00Z,Gameweek 38,True,3,553
378,2562272,17,,7,,38,False,0,False,2026-05-24T15:00:00Z,Gameweek 38,True,3,554
378,2562272,17,,7,,38,False,0,False,2026-05-24T15:00:00Z,Gameweek 38,True,3,555
378,2562272,17,,7,,38,False,0,False,2026-05-24T15:00:00Z,Gameweek 38,True,3,556
378,2562272,17,,7,,38,False,0,False,2026-05-24T15:00:00Z,Gameweek 38,True,3,557
378,2562272,17,,7,,38,False,0,False,2026-05-24T15:00:00Z,Gameweek 38,True,3,558
378,2562272,17,,7,,38,False,0,False,2026-05-24T15:00:00Z,Gameweek 38,True,3,559
378,2562272,17,,7,,38,False,0,False,2026-05-24T15:00:00Z,Gameweek 38,True,3,560
378,2562272,17,,7,,38,False,0,False,2026-05-24T15:00:00Z,Gameweek 38,True,3,561
378,2562272,17,,7,,38,False,0,False,2026-05-24T15:00:00Z,Gameweek 38,True,3,562
378,2562272,17,,7,,38,False,0,False,2026-05-24T15:00:00Z,Gameweek 38,True,3,563
378,2562272,17,,7,,38,False,0,False,2026-05-24T15:00:00Z,Gameweek 38,True,3,564
378,2562272,17,,7,,38,False,0,False,2026-05-24T15:00:00Z,Gameweek 38,True,3,668
378,2562272,17,,7,,38,False,0,False,2026-05-24T15:00:00Z,Gameweek 38,True,3,670
378,2562272,17,,7,,38,False,0,False,2026-05-24T15:00:00Z,Gameweek 38,True,3,678
378,2562272,17,,7,,38,False,0,False,2026-05-24T15:00:00Z,Gameweek 38,True,3,683
378,2562272,17,,7,,38,False,0,False,2026-05-24T15:00:00Z,Gameweek 38,True,3,694
378,2562272,17,,7,,38,False,0,False,2026-05-24T15:00:00Z,Gameweek 38,True,3,724
378,2562272,17,,7,,38,False,0,False,2026-05-24T15:00:00Z,Gameweek 38,True,3,730
378,2562272,17,,7,,38,False,0,False,2026-05-24T15:00:00Z,Gameweek 38,True,3,735
378,2562272,17,,7,,38,False,0,False,2026-05-24T15:00:00Z,Gameweek 38,True,3,774
378,2562272,17,,7,,38,False,0,False,2026-05-24T15:00:00Z,Gameweek 38,True,3,775
378,2562272,17,,7,,38,False,0,False,2026-05-24T15:00:00Z,Gameweek 38,True,3,800
378,2562272,17,,7,,38,False,0,False,2026-05-24T15:00:00Z,Gameweek 38,True,3,812
378,2562272,17,,7,,38,False,0,False,2026-05-24T15:00:00Z,Gameweek 38,True,3,813
378,2562272,17,,7,,38,False,0,False,2026-05-24T15:00:00Z,Gameweek 38,True,3,821
378,2562272,17,,7,,38,False,0,False,2026-05-24T15:00:00Z,Gameweek 38,True,3,822
365,2562259,7,,18,,37,False,0,False,2026-05-19T19:15:00Z,Gameweek 37,False,3,565
379,2562273,18,,9,,38,False,0,False,2026-05-24T15:00:00Z,Gameweek 38,True,3,565
365,2562259,7,,18,,37,False,0,False,2026-05-19T19:15:00Z,Gameweek 37,False,3,566
379,2562273,18,,9,,38,False,0,False,2026-05-24T15:00:00Z,Gameweek 38,True,3,566
365,2562259,7,,18,,37,False,0,False,2026-05-19T19:15:00Z,Gameweek 37,False,3,567
379,2562273,18,,9,,38,False,0,False,2026-05-24T15:00:00Z,Gameweek 38,True,3,567
365,2562259,7,,18,,37,False,0,False,2026-05-19T19:15:00Z,Gameweek 37,False,3,568
379,2562273,18,,9,,38,False,0,False,2026-05-24T15:00:00Z,Gameweek 38,True,3,568
365,2562259,7,,18,,37,False,0,False,2026-05-19T19:15:00Z,Gameweek 37,False,3,569
379,2562273,18,,9,,38,False,0,False,2026-05-24T15:00:00Z,Gameweek 38,True,3,569
365,2562259,7,,18,,37,False,0,False,2026-05-19T19:15:00Z,Gameweek 37,False,3,570
379,2562273,18,,9,,38,False,0,False,2026-05-24T15:00:00Z,Gameweek 38,True,3,570
365,2562259,7,,18,,37,False,0,False,2026-05-19T19:15:00Z,Gameweek 37,False,3,571
379,2562273,18,,9,,38,False,0,False,2026-05-24T15:00:00Z,Gameweek 38,True,3,571
365,2562259,7,,18,,37,False,0,False,2026-05-19T19:15:00Z,Gameweek 37,False,3,572
379,2562273,18,,9,,38,False,0,False,2026-05-24T15:00:00Z,Gameweek 38,True,3,572
365,2562259,7,,18,,37,False,0,False,2026-05-19T19:15:00Z,Gameweek 37,False,3,573
379,2562273,18,,9,,38,False,0,False,2026-05-24T15:00:00Z,Gameweek 38,True,3,573
365,2562259,7,,18,,37,False,0,False,2026-05-19T19:15:00Z,Gameweek 37,False,3,574
379,2562273,18,,9,,38,False,0,False,2026-05-24T15:00:00Z,Gameweek 38,True,3,574
365,2562259,7,,18,,37,False,0,False,2026-05-19T19:15:00Z,Gameweek 37,False,3,575
379,2562273,18,,9,,38,False,0,False,2026-05-24T15:00:00Z,Gameweek 38,True,3,575
365,2562259,7,,18,,37,False,0,False,2026-05-19T19:15:00Z,Gameweek 37,False,3,576
379,2562273,18,,9,,38,False,0,False,2026-05-24T15:00:00Z,Gameweek 38,True,3,576
365,2562259,7,,18,,37,False,0,False,2026-05-19T19:15:00Z,Gameweek 37,False,3,577
379,2562273,18,,9,,38,False,0,False,2026-05-24T15:00:00Z,Gameweek 38,True,3,577
365,2562259,7,,18,,37,False,0,False,2026-05-19T19:15:00Z,Gameweek 37,False,3,578
379,2562273,18,,9,,38,False,0,False,2026-05-24T15:00:00Z,Gameweek 38,True,3,578
365,2562259,7,,18,,37,False,0,False,2026-05-19T19:15:00Z,Gameweek 37,False,3,579
379,2562273,18,,9,,38,False,0,False,2026-05-24T15:00:00Z,Gameweek 38,True,3,579
365,2562259,7,,18,,37,False,0,False,2026-05-19T19:15:00Z,Gameweek 37,False,3,581
379,2562273,18,,9,,38,False,0,False,2026-05-24T15:00:00Z,Gameweek 38,True,3,581
365,2562259,7,,18,,37,False,0,False,2026-05-19T19:15:00Z,Gameweek 37,False,3,582
379,2562273,18,,9,,38,False,0,False,2026-05-24T15:00:00Z,Gameweek 38,True,3,582
365,2562259,7,,18,,37,False,0,False,2026-05-19T19:15:00Z,Gameweek 37,False,3,583
379,2562273,18,,9,,38,False,0,False,2026-05-24T15:00:00Z,Gameweek 38,True,3,583
365,2562259,7,,18,,37,False,0,False,2026-05-19T19:15:00Z,Gameweek 37,False,3,584
379,2562273,18,,9,,38,False,0,False,2026-05-24T15:00:00Z,Gameweek 38,True,3,584
365,2562259,7,,18,,37,False,0,False,2026-05-19T19:15:00Z,Gameweek 37,False,3,585
379,2562273,18,,9,,38,False,0,False,2026-05-24T15:00:00Z,Gameweek 38,True,3,585
365,2562259,7,,18,,37,False,0,False,2026-05-19T19:15:00Z,Gameweek 37,False,3,586
379,2562273,18,,9,,38,False,0,False,2026-05-24T15:00:00Z,Gameweek 38,True,3,586
365,2562259,7,,18,,37,False,0,False,2026-05-19T19:15:00Z,Gameweek 37,False,3,587
379,2562273,18,,9,,38,False,0,False,2026-05-24T15:00:00Z,Gameweek 38,True,3,587
365,2562259,7,,18,,37,False,0,False,2026-05-19T19:15:00Z,Gameweek 37,False,3,588
379,2562273,18,,9,,38,False,0,False,2026-05-24T15:00:00Z,Gameweek 38,True,3,588
365,2562259,7,,18,,37,False,0,False,2026-05-19T19:15:00Z,Gameweek 37,False,3,589
379,2562273,18,,9,,38,False,0,False,2026-05-24T15:00:00Z,Gameweek 38,True,3,589
365,2562259,7,,18,,37,False,0,False,2026-05-19T19:15:00Z,Gameweek 37,False,3,590
379,2562273,18,,9,,38,False,0,False,2026-05-24T15:00:00Z,Gameweek 38,True,3,590
365,2562259,7,,18,,37,False,0,False,2026-05-19T19:15:00Z,Gameweek 37,False,3,591
379,2562273,18,,9,,38,False,0,False,2026-05-24T15:00:00Z,Gameweek 38,True,3,591
365,2562259,7,,18,,37,False,0,False,2026-05-19T19:15:00Z,Gameweek 37,False,3,592
379,2562273,18,,9,,38,False,0,False,2026-05-24T15:00:00Z,Gameweek 38,True,3,592
365,2562259,7,,18,,37,False,0,False,2026-05-19T19:15:00Z,Gameweek 37,False,3,593
379,2562273,18,,9,,38,False,0,False,2026-05-24T15:00:00Z,Gameweek 38,True,3,593
365,2562259,7,,18,,37,False,0,False,2026-05-19T19:15:00Z,Gameweek 37,False,3,594
379,2562273,18,,9,,38,False,0,False,2026-05-24T15:00:00Z,Gameweek 38,True,3,594
365,2562259,7,,18,,37,False,0,False,2026-05-19T19:15:00Z,Gameweek 37,False,3,595
379,2562273,18,,9,,38,False,0,False,2026-05-24T15:00:00Z,Gameweek 38,True,3,595
365,2562259,7,,18,,37,False,0,False,2026-05-19T19:15:00Z,Gameweek 37,False,3,596
379,2562273,18,,9,,38,False,0,False,2026-05-24T15:00:00Z,Gameweek 38,True,3,596
365,2562259,7,,18,,37,False,0,False,2026-05-19T19:15:00Z,Gameweek 37,False,3,597
379,2562273,18,,9,,38,False,0,False,2026-05-24T15:00:00Z,Gameweek 38,True,3,597
365,2562259,7,,18,,37,False,0,False,2026-05-19T19:15:00Z,Gameweek 37,False,3,598
379,2562273,18,,9,,38,False,0,False,2026-05-24T15:00:00Z,Gameweek 38,True,3,598
365,2562259,7,,18,,37,False,0,False,2026-05-19T19:15:00Z,Gameweek 37,False,3,599
379,2562273,18,,9,,38,False,0,False,2026-05-24T15:00:00Z,Gameweek 38,True,3,599
365,2562259,7,,18,,37,False,0,False,2026-05-19T19:15:00Z,Gameweek 37,False,3,673
379,2562273,18,,9,,38,False,0,False,2026-05-24T15:00:00Z,Gameweek 38,True,3,673
365,2562259,7,,18,,37,False,0,False,2026-05-19T19:15:00Z,Gameweek 37,False,3,717
379,2562273,18,,9,,38,False,0,False,2026-05-24T15:00:00Z,Gameweek 38,True,3,717
365,2562259,7,,18,,37,False,0,False,2026-05-19T19:15:00Z,Gameweek 37,False,3,726
379,2562273,18,,9,,38,False,0,False,2026-05-24T15:00:00Z,Gameweek 38,True,3,726
365,2562259,7,,18,,37,False,0,False,2026-05-19T19:15:00Z,Gameweek 37,False,3,745
379,2562273,18,,9,,38,False,0,False,2026-05-24T15:00:00Z,Gameweek 38,True,3,745
365,2562259,7,,18,,37,False,0,False,2026-05-19T19:15:00Z,Gameweek 37,False,3,750
379,2562273,18,,9,,38,False,0,False,2026-05-24T15:00:00Z,Gameweek 38,True,3,750
365,2562259,7,,18,,37,False,0,False,2026-05-19T19:15:00Z,Gameweek 37,False,3,751
379,2562273,18,,9,,38,False,0,False,2026-05-24T15:00:00Z,Gameweek 38,True,3,751
365,2562259,7,,18,,37,False,0,False,2026-05-19T19:15:00Z,Gameweek 37,False,3,790
379,2562273,18,,9,,38,False,0,False,2026-05-24T15:00:00Z,Gameweek 38,True,3,790
365,2562259,7,,18,,37,False,0,False,2026-05-19T19:15:00Z,Gameweek 37,False,3,796
379,2562273,18,,9,,38,False,0,False,2026-05-24T15:00:00Z,Gameweek 38,True,3,796
365,2562259,7,,18,,37,False,0,False,2026-05-19T19:15:00Z,Gameweek 37,False,3,804
379,2562273,18,,9,,38,False,0,False,2026-05-24T15:00:00Z,Gameweek 38,True,3,804
365,2562259,7,,18,,37,False,0,False,2026-05-19T19:15:00Z,Gameweek 37,False,3,811
379,2562273,18,,9,,38,False,0,False,2026-05-24T15:00:00Z,Gameweek 38,True,3,811
365,2562259,7,,18,,37,False,0,False,2026-05-19T19:15:00Z,Gameweek 37,False,3,818
379,2562273,18,,9,,38,False,0,False,2026-05-24T15:00:00Z,Gameweek 38,True,3,818
380,2562274,19,,11,,38,False,0,False,2026-05-24T15:00:00Z,Gameweek 38,True,2,326
380,2562274,19,,11,,38,False,0,False,2026-05-24T15:00:00Z,Gameweek 38,True,2,600
380,2562274,19,,11,,38,False,0,False,2026-05-24T15:00:00Z,Gameweek 38,True,2,601
380,2562274,19,,11,,38,False,0,False,2026-05-24T15:00:00Z,Gameweek 38,True,2,602
380,2562274,19,,11,,38,False,0,False,2026-05-24T15:00:00Z,Gameweek 38,True,2,603
380,2562274,19,,11,,38,False,0,False,2026-05-24T15:00:00Z,Gameweek 38,True,2,604
380,2562274,19,,11,,38,False,0,False,2026-05-24T15:00:00Z,Gameweek 38,True,2,605
380,2562274,19,,11,,38,False,0,False,2026-05-24T15:00:00Z,Gameweek 38,True,2,606
380,2562274,19,,11,,38,False,0,False,2026-05-24T15:00:00Z,Gameweek 38,True,2,607
380,2562274,19,,11,,38,False,0,False,2026-05-24T15:00:00Z,Gameweek 38,True,2,608
380,2562274,19,,11,,38,False,0,False,2026-05-24T15:00:00Z,Gameweek 38,True,2,609
380,2562274,19,,11,,38,False,0,False,2026-05-24T15:00:00Z,Gameweek 38,True,2,610
380,2562274,19,,11,,38,False,0,False,2026-05-24T15:00:00Z,Gameweek 38,True,2,611
380,2562274,19,,11,,38,False,0,False,2026-05-24T15:00:00Z,Gameweek 38,True,2,612
380,2562274,19,,11,,38,False,0,False,2026-05-24T15:00:00Z,Gameweek 38,True,2,613
380,2562274,19,,11,,38,False,0,False,2026-05-24T15:00:00Z,Gameweek 38,True,2,615
380,2562274,19,,11,,38,False,0,False,2026-05-24T15:00:00Z,Gameweek 38,True,2,616
380,2562274,19,,11,,38,False,0,False,2026-05-24T15:00:00Z,Gameweek 38,True,2,617
380,2562274,19,,11,,38,False,0,False,2026-05-24T15:00:00Z,Gameweek 38,True,2,618
380,2562274,19,,11,,38,False,0,False,2026-05-24T15:00:00Z,Gameweek 38,True,2,619
380,2562274,19,,11,,38,False,0,False,2026-05-24T15:00:00Z,Gameweek 38,True,2,620
380,2562274,19,,11,,38,False,0,False,2026-05-24T15:00:00Z,Gameweek 38,True,2,621
380,2562274,19,,11,,38,False,0,False,2026-05-24T15:00:00Z,Gameweek 38,True,2,622
380,2562274,19,,11,,38,False,0,False,2026-05-24T15:00:00Z,Gameweek 38,True,2,623
380,2562274,19,,11,,38,False,0,False,2026-05-24T15:00:00Z,Gameweek 38,True,2,624
380,2562274,19,,11,,38,False,0,False,2026-05-24T15:00:00Z,Gameweek 38,True,2,625
380,2562274,19,,11,,38,False,0,False,2026-05-24T15:00:00Z,Gameweek 38,True,2,626
380,2562274,19,,11,,38,False,0,False,2026-05-24T15:00:00Z,Gameweek 38,True,2,659
380,2562274,19,,11,,38,False,0,False,2026-05-24T15:00:00Z,Gameweek 38,True,2,671
380,2562274,19,,11,,38,False,0,False,2026-05-24T15:00:00Z,Gameweek 38,True,2,679
380,2562274,19,,11,,38,False,0,False,2026-05-24T15:00:00Z,Gameweek 38,True,2,708
380,2562274,19,,11,,38,False,0,False,2026-05-24T15:00:00Z,Gameweek 38,True,2,718
380,2562274,19,,11,,38,False,0,False,2026-05-24T15:00:00Z,Gameweek 38,True,2,738
380,2562274,19,,11,,38,False,0,False,2026-05-24T15:00:00Z,Gameweek 38,True,2,747
380,2562274,19,,11,,38,False,0,False,2026-05-24T15:00:00Z,Gameweek 38,True,2,752
380,2562274,19,,11,,38,False,0,False,2026-05-24T15:00:00Z,Gameweek 38,True,2,758
380,2562274,19,,11,,38,False,0,False,2026-05-24T15:00:00Z,Gameweek 38,True,2,785
380,2562274,19,,11,,38,False,0,False,2026-05-24T15:00:00Z,Gameweek 38,True,2,791
380,2562274,19,,11,,38,False,0,False,2026-05-24T15:00:00Z,Gameweek 38,True,2,802
380,2562274,19,,11,,38,False,0,False,2026-05-24T15:00:00Z,Gameweek 38,True,2,815
380,2562274,19,,11,,38,False,0,False,2026-05-24T15:00:00Z,Gameweek 38,True,2,825
372,2562266,3,,20,,38,False,0,False,2026-05-24T15:00:00Z,Gameweek 38,False,2,627
372,2562266,3,,20,,38,False,0,False,2026-05-24T15:00:00Z,Gameweek 38,False,2,628
372,2562266,3,,20,,38,False,0,False,2026-05-24T15:00:00Z,Gameweek 38,False,2,629
372,2562266,3,,20,,38,False,0,False,2026-05-24T15:00:00Z,Gameweek 38,False,2,631
372,2562266,3,,20,,38,False,0,False,2026-05-24T15:00:00Z,Gameweek 38,False,2,632
372,2562266,3,,20,,38,False,0,False,2026-05-24T15:00:00Z,Gameweek 38,False,2,633
372,2562266,3,,20,,38,False,0,False,2026-05-24T15:00:00Z,Gameweek 38,False,2,634
372,2562266,3,,20,,38,False,0,False,2026-05-24T15:00:00Z,Gameweek 38,False,2,635
372,2562266,3,,20,,38,False,0,False,2026-05-24T15:00:00Z,Gameweek 38,False,2,636
372,2562266,3,,20,,38,False,0,False,2026-05-24T15:00:00Z,Gameweek 38,False,2,637
372,2562266,3,,20,,38,False,0,False,2026-05-24T15:00:00Z,Gameweek 38,False,2,638
372,2562266,3,,20,,38,False,0,False,2026-05-24T15:00:00Z,Gameweek 38,False,2,639
372,2562266,3,,20,,38,False,0,False,2026-05-24T15:00:00Z,Gameweek 38,False,2,640
372,2562266,3,,20,,38,False,0,False,2026-05-24T15:00:00Z,Gameweek 38,False,2,641
372,2562266,3,,20,,38,False,0,False,2026-05-24T15:00:00Z,Gameweek 38,False,2,642
372,2562266,3,,20,,38,False,0,False,2026-05-24T15:00:00Z,Gameweek 38,False,2,643
372,2562266,3,,20,,38,False,0,False,2026-05-24T15:00:00Z,Gameweek 38,False,2,644
372,2562266,3,,20,,38,False,0,False,2026-05-24T15:00:00Z,Gameweek 38,False,2,645
372,2562266,3,,20,,38,False,0,False,2026-05-24T15:00:00Z,Gameweek 38,False,2,646
372,2562266,3,,20,,38,False,0,False,2026-05-24T15:00:00Z,Gameweek 38,False,2,647
372,2562266,3,,20,,38,False,0,False,2026-05-24T15:00:00Z,Gameweek 38,False,2,648
372,2562266,3,,20,,38,False,0,False,2026-05-24T15:00:00Z,Gameweek 38,False,2,649
372,2562266,3,,20,,38,False,0,False,2026-05-24T15:00:00Z,Gameweek 38,False,2,650
372,2562266,3,,20,,38,False,0,False,2026-05-24T15:00:00Z,Gameweek 38,False,2,651
372,2562266,3,,20,,38,False,0,False,2026-05-24T15:00:00Z,Gameweek 38,False,2,652
372,2562266,3,,20,,38,False,0,False,2026-05-24T15:00:00Z,Gameweek 38,False,2,653
372,2562266,3,,20,,38,False,0,False,2026-05-24T15:00:00Z,Gameweek 38,False,2,655
372,2562266,3,,20,,38,False,0,False,2026-05-24T15:00:00Z,Gameweek 38,False,2,656
372,2562266,3,,20,,38,False,0,False,2026-05-24T15:00:00Z,Gameweek 38,False,2,657
372,2562266,3,,20,,38,False,0,False,2026-05-24T15:00:00Z,Gameweek 38,False,2,658
372,2562266,3,,20,,38,False,0,False,2026-05-24T15:00:00Z,Gameweek 38,False,2,663
372,2562266,3,,20,,38,False,0,False,2026-05-24T15:00:00Z,Gameweek 38,False,2,682
372,2562266,3,,20,,38,False,0,False,2026-05-24T15:00:00Z,Gameweek 38,False,2,695
372,2562266,3,,20,,38,False,0,False,2026-05-24T15:00:00Z,Gameweek 38,False,2,709
372,2562266,3,,20,,38,False,0,False,2026-05-24T15:00:00Z,Gameweek 38,False,2,720
372,2562266,3,,20,,38,False,0,False,2026-05-24T15:00:00Z,Gameweek 38,False,2,749
372,2562266,3,,20,,38,False,0,False,2026-05-24T15:00:00Z,Gameweek 38,False,2,766
372,2562266,3,,20,,38,False,0,False,2026-05-24T15:00:00Z,Gameweek 38,False,2,767
372,2562266,3,,20,,38,False,0,False,2026-05-24T15:00:00Z,Gameweek 38,False,2,777
372,2562266,3,,20,,38,False,0,False,2026-05-24T15:00:00Z,Gameweek 38,False,2,778
372,2562266,3,,20,,38,False,0,False,2026-05-24T15:00:00Z,Gameweek 38,False,2,809
372,2562266,3,,20,,38,False,0,False,2026-05-24T15:00:00Z,Gameweek 38,False,2,816
372,2562266,3,,20,,38,False,0,False,2026-05-24T15:00:00Z,Gameweek 38,False,2,817
372,2562266,3,,20,,38,False,0,False,2026-05-24T15:00:00Z,Gameweek 38,False,2,828
372,2562266,3,,20,,38,False,0,False,2026-05-24T15:00:00Z,Gameweek 38,False,2,831
